timestamp,temperature_2m,relative_humidity_2m,apparent_temperature,precipitation,rain,weather_code,wind_speed_10m,wind_direction_10m,wind_gusts_10m,surface_pressure
2026-08-09T00:00,17.6,67,16.9,0.0,0.0,,8.3,84,14.4,
2026-08-09T00:15,17.4,67,16.6,0.0,0.0,,8.3,85,14.4,
2026-08-09T00:30,17.2,67,16.3,0.0,0.0,,8.6,87,14.4,
2026-08-09T00:45,17.1,66,16.0,0.0,0.0,,9.0,88,14.4,
2026-08-09T01:00,16.9,66,15.8,0.0,0.0,,9.0,89,14.4,
2026-08-09T01:15,16.8,66,15.6,0.0,0.0,,9.4,95,14.8,
2026-08-09T01:30,16.8,66,15.6,0.0,0.0,,9.4,100,15.1,
2026-08-09T01:45,16.8,66,15.5,0.0,0.0,,9.4,106,15.5,
2026-08-09T02:00,16.7,66,15.4,0.0,0.0,,9.4,111,15.5,
2026-08-09T02:15,16.5,66,15.2,0.0,0.0,,9.0,112,14.8,
2026-08-09T02:30,16.2,67,15.0,0.0,0.0,,8.3,112,13.3,
2026-08-09T02:45,15.9,67,14.8,0.0,0.0,,7.2,113,11.5,
2026-08-09T03:00,15.6,67,14.6,0.0,0.0,,6.5,113,10.1,
2026-08-09T03:15,15.4,67,14.4,0.0,0.0,,5.4,114,8.6,
2026-08-09T03:30,15.1,66,14.2,0.0,0.0,,4.3,115,6.8,
2026-08-09T03:45,14.9,65,14.0,0.0,0.0,,3.2,115,5.4,
2026-08-09T04:00,14.7,65,13.8,0.0,0.0,,2.9,116,4.7,
2026-08-09T04:15,14.6,66,13.8,0.0,0.0,,2.9,119,4.7,
2026-08-09T04:30,14.6,67,13.7,0.0,0.0,,3.6,122,5.4,
2026-08-09T04:45,14.6,69,13.7,0.0,0.0,,4.3,124,6.5,
2026-08-09T05:00,14.5,70,13.6,0.0,0.0,,5.0,127,6.8,
2026-08-09T05:15,14.3,70,13.3,0.0,0.0,,5.4,122,6.8,
2026-08-09T05:30,14.1,70,12.9,0.0,0.0,,5.4,117,6.8,
2026-08-09T05:45,13.8,69,12.5,0.0,0.0,,5.8,111,6.5,
2026-08-09T06:00,13.6,69,12.3,0.0,0.0,,5.8,106,6.5,
2026-08-09T06:15,13.4,69,12.0,0.0,0.0,,5.8,106,6.5,
2026-08-09T06:30,13.2,70,11.8,0.0,0.0,,6.1,107,6.8,
2026-08-09T06:45,13.2,71,11.8,0.0,0.0,,6.1,107,7.2,
2026-08-09T07:00,13.3,70,11.8,0.0,0.0,,6.5,107,7.9,
2026-08-09T07:15,13.9,67,12.3,0.0,0.0,,7.2,122,9.4,
2026-08-09T07:30,14.6,64,12.9,0.0,0.0,,7.9,136,11.2,
2026-08-09T07:45,15.5,59,13.6,0.0,0.0,,8.6,151,13.0,
2026-08-09T08:00,16.3,56,14.4,0.0,0.0,,8.6,165,13.7,
2026-08-09T08:15,17.0,54,15.2,0.0,0.0,,7.9,163,13.3,
2026-08-09T08:30,17.5,52,15.9,0.0,0.0,,6.8,161,11.9,
2026-08-09T08:45,18.2,51,16.8,0.0,0.0,,5.4,158,10.8,
2026-08-09T09:00,18.9,49,17.7,0.0,0.0,,4.7,156,10.1,
2026-08-09T09:15,19.9,46,18.7,0.0,0.0,,4.7,162,10.8,
2026-08-09T09:30,21.0,44,19.8,0.0,0.0,,5.4,169,11.9,
2026-08-09T09:45,22.2,41,20.8,0.0,0.0,,6.1,175,13.3,
2026-08-09T10:00,23.2,38,21.8,0.0,0.0,,6.5,181,14.4,
2026-08-09T10:15,24.2,35,22.6,0.0,0.0,,6.5,184,15.1,
2026-08-09T10:30,25.1,33,23.5,0.0,0.0,,6.5,187,15.5,
2026-08-09T10:45,25.9,31,24.3,0.0,0.0,,6.5,189,15.8,
2026-08-09T11:00,26.6,29,25.0,0.0,0.0,,6.8,192,16.6,
2026-08-09T11:15,27.2,28,25.6,0.0,0.0,,7.6,190,18.0,
2026-08-09T11:30,27.7,28,26.1,0.0,0.0,,8.6,188,19.8,
2026-08-09T11:45,28.1,28,26.4,0.0,0.0,,9.7,186,21.6,
2026-08-09T12:00,28.5,27,26.7,0.0,0.0,,10.1,184,22.7,
2026-08-09T12:15,28.9,26,26.9,0.0,0.0,,10.1,185,23.0,
2026-08-09T12:30,29.3,24,27.1,0.0,0.0,,9.4,186,23.0,
2026-08-09T12:45,29.6,22,27.3,0.0,0.0,,8.6,186,23.0,
2026-08-09T13:00,29.9,21,27.5,0.0,0.0,,8.3,187,22.7,
2026-08-09T13:15,30.0,20,27.5,0.0,0.0,,8.3,193,22.3,
2026-08-09T13:30,30.1,20,27.5,0.0,0.0,,8.6,198,21.6,
2026-08-09T13:45,30.1,20,27.5,0.0,0.0,,9.0,204,21.2,
2026-08-09T14:00,30.0,20,27.3,0.0,0.0,,9.7,209,22.0,
2026-08-09T14:15,30.0,20,27.1,0.0,0.0,,11.2,206,24.1,
2026-08-09T14:30,30.0,20,26.8,0.0,0.0,,13.0,203,27.0,
2026-08-09T14:45,29.9,21,26.5,0.0,0.0,,14.8,200,30.2,
2026-08-09T15:00,29.5,22,26.1,0.0,0.0,,15.8,197,32.4,
2026-08-09T15:15,28.8,24,25.4,0.0,0.0,,16.6,190,33.5,
2026-08-09T15:30,27.8,27,24.6,0.0,0.0,,16.9,183,34.2,
2026-08-09T15:45,26.8,31,23.8,0.0,0.0,,16.9,176,34.2,
2026-08-09T16:00,26.2,33,23.5,0.0,0.0,,16.6,169,33.1,
2026-08-09T16:15,26.2,35,24.0,0.0,0.0,,14.8,212,30.2,
2026-08-09T16:30,26.6,36,24.9,0.0,0.0,,12.2,254,25.6,
2026-08-09T16:45,27.2,37,26.1,0.0,0.0,,10.1,297,21.2,
2026-08-09T17:00,27.6,37,26.8,0.0,0.0,,9.0,339,19.4,
2026-08-09T17:15,28.0,35,26.8,0.0,0.0,,10.1,301,21.2,
2026-08-09T17:30,28.4,32,26.6,0.0,0.0,,12.2,264,25.2,
2026-08-09T17:45,28.7,30,26.4,0.0,0.0,,14.8,226,29.5,
2026-08-09T18:00,28.8,28,26.0,0.0,0.0,,16.6,188,32.4,
2026-08-09T18:15,28.8,28,26.0,0.0,0.0,,16.9,185,33.1,
2026-08-09T18:30,28.6,30,26.0,0.0,0.0,,16.9,181,32.4,
2026-08-09T18:45,28.4,31,25.9,0.0,0.0,,16.2,178,31.3,
2026-08-09T19:00,28.1,33,25.9,0.0,0.0,,15.5,174,29.5,
2026-08-09T19:15,27.7,34,25.7,0.0,0.0,,14.4,131,27.4,
2026-08-09T19:30,27.2,35,25.5,0.0,0.0,,12.6,88,24.5,
2026-08-09T19:45,26.7,36,25.3,0.0,0.0,,10.8,44,21.2,
2026-08-09T20:00,26.2,38,25.2,0.0,0.0,,9.0,1,18.0,
2026-08-09T20:15,25.7,42,25.3,0.0,0.0,,6.8,21,14.0,
2026-08-09T20:30,25.2,46,25.3,0.0,0.0,,4.7,41,9.7,
2026-08-09T20:45,24.6,50,25.3,0.0,0.0,,2.9,60,5.8,
2026-08-09T21:00,24.2,53,25.2,0.0,0.0,,2.2,80,4.0,
2026-08-09T21:15,24.0,53,24.8,0.0,0.0,,2.9,116,5.0,
2026-08-09T21:30,23.9,51,24.1,0.0,0.0,,5.0,151,7.6,
2026-08-09T21:45,23.7,49,23.4,0.0,0.0,,7.2,187,11.2,
2026-08-09T22:00,23.5,48,22.8,0.0,0.0,,9.0,222,14.0,
2026-08-09T22:15,23.2,48,22.1,0.0,0.0,,10.4,221,16.2,
2026-08-09T22:30,22.7,49,21.5,0.0,0.0,,11.5,221,18.0,
2026-08-09T22:45,22.3,50,20.9,0.0,0.0,,12.2,220,19.4,
2026-08-09T23:00,21.8,52,20.3,0.0,0.0,,13.0,219,20.5,
2026-08-09T23:15,21.3,54,19.9,0.0,0.0,,13.0,216,20.9,
2026-08-09T23:30,20.7,57,19.5,0.0,0.0,,12.6,212,20.5,
2026-08-09T23:45,20.2,60,19.1,0.0,0.0,,12.2,209,20.2,
2026-08-10T00:00,19.8,63,18.8,0.0,0.0,,11.9,205,19.8,
2026-08-10T00:15,19.4,66,18.5,0.0,0.0,,11.9,208,19.8,
2026-08-10T00:30,19.0,69,18.3,0.0,0.0,,11.9,211,20.2,
2026-08-10T00:45,18.7,71,18.0,0.0,0.0,,12.2,213,20.2,
2026-08-10T01:00,18.5,74,18.0,0.0,0.0,,12.2,216,20.5,
2026-08-10T01:15,18.4,76,18.0,0.0,0.0,,12.2,220,20.9,
2026-08-10T01:30,18.4,78,18.1,0.0,0.0,,12.2,224,21.6,
2026-08-10T01:45,18.4,80,18.3,0.0,0.0,,12.2,227,22.0,
2026-08-10T02:00,18.4,82,18.4,0.0,0.0,,12.2,231,22.3,
2026-08-10T02:15,18.2,84,18.3,0.0,0.0,,12.2,237,22.0,
2026-08-10T02:30,18.0,85,18.1,0.0,0.0,,12.2,243,21.6,
2026-08-10T02:45,17.8,86,17.8,0.0,0.0,,12.2,248,21.2,
2026-08-10T03:00,17.6,87,17.6,0.0,0.0,,12.2,254,20.5,
2026-08-10T03:15,17.4,87,17.4,0.0,0.0,,11.9,249,19.8,
2026-08-10T03:30,17.2,87,17.2,0.0,0.0,,11.5,243,18.7,
2026-08-10T03:45,17.1,87,17.0,0.0,0.0,,11.5,238,18.0,
2026-08-10T04:00,17.0,87,16.9,0.0,0.0,,11.5,232,18.0,
2026-08-10T04:15,17.0,88,16.9,0.0,0.0,,12.2,233,18.7,
2026-08-10T04:30,17.2,89,17.0,0.0,0.0,,13.3,234,20.2,
2026-08-10T04:45,17.3,90,17.2,0.0,0.0,,14.4,235,21.6,
2026-08-10T05:00,17.4,91,17.2,0.0,0.0,,14.8,236,22.3,
2026-08-10T05:15,17.3,92,17.2,0.0,0.0,,14.4,240,22.0,
2026-08-10T05:30,17.0,93,17.0,0.0,0.0,,13.7,244,20.5,
2026-08-10T05:45,16.8,93,16.9,0.0,0.0,,12.6,248,19.1,
2026-08-10T06:00,16.6,94,16.8,0.0,0.0,,11.9,252,18.0,
2026-08-10T06:15,16.5,95,16.8,0.0,0.0,,11.2,253,16.9,
2026-08-10T06:30,16.3,96,16.8,0.0,0.0,,10.1,254,16.2,
2026-08-10T06:45,16.2,96,16.8,0.0,0.0,,9.4,254,15.5,
2026-08-10T07:00,16.3,96,17.0,0.0,0.0,,8.6,255,14.8,
2026-08-10T07:15,16.6,94,17.3,0.0,0.0,,8.3,255,14.4,
2026-08-10T07:30,17.0,92,17.7,0.0,0.0,,7.9,255,14.4,
2026-08-10T07:45,17.5,89,18.3,0.0,0.0,,7.6,255,14.8,
2026-08-10T08:00,18.1,85,18.9,0.0,0.0,,7.2,255,14.8,
2026-08-10T08:15,18.9,81,19.8,0.0,0.0,,6.8,283,14.4,
2026-08-10T08:30,20.0,76,20.9,0.0,0.0,,6.8,311,14.0,
2026-08-10T08:45,21.0,71,21.9,0.0,0.0,,6.5,338,14.0,
2026-08-10T09:00,21.7,67,22.5,0.0,0.0,,6.8,6,14.8,
2026-08-10T09:15,22.1,65,22.8,0.0,0.0,,7.6,2,16.6,
2026-08-10T09:30,22.3,64,22.8,0.0,0.0,,9.0,357,19.1,
2026-08-10T09:45,22.4,64,22.7,0.0,0.0,,10.1,353,22.0,
2026-08-10T10:00,22.6,64,22.8,0.0,0.0,,11.2,348,24.1,
2026-08-10T10:15,22.7,64,22.9,0.0,0.0,,11.9,352,25.6,
2026-08-10T10:30,22.9,65,23.2,0.0,0.0,,11.9,356,26.3,
2026-08-10T10:45,23.0,66,23.4,0.0,0.0,,12.2,359,27.0,
2026-08-10T11:00,23.1,66,23.7,0.0,0.0,,12.6,3,27.7,
2026-08-10T11:15,23.3,64,23.8,0.0,0.0,,13.0,3,28.4,
2026-08-10T11:30,23.5,62,23.9,0.0,0.0,,13.7,2,29.5,
2026-08-10T11:45,23.6,59,23.9,0.0,0.0,,14.0,2,30.2,
2026-08-10T12:00,23.7,57,23.8,0.0,0.0,,14.4,1,30.6,
2026-08-10T12:15,23.8,56,24.0,0.0,0.0,,14.0,2,30.6,
2026-08-10T12:30,23.8,55,24.0,0.0,0.0,,13.7,3,30.2,
2026-08-10T12:45,23.7,55,24.0,0.0,0.0,,13.3,4,29.9,
2026-08-10T13:00,23.7,55,24.1,0.0,0.0,,13.0,5,29.5,
2026-08-10T13:15,23.8,55,24.2,0.0,0.0,,13.0,7,29.9,
2026-08-10T13:30,23.8,56,24.4,0.0,0.0,,13.3,8,30.2,
2026-08-10T13:45,23.8,57,24.5,0.0,0.0,,13.7,10,31.0,
2026-08-10T14:00,23.8,58,24.6,0.0,0.0,,13.7,11,31.0,
2026-08-10T14:15,23.7,59,24.7,0.0,0.0,,13.3,12,30.6,
2026-08-10T14:30,23.6,60,24.7,0.0,0.0,,13.0,12,29.5,
2026-08-10T14:45,23.5,60,24.6,0.0,0.0,,12.6,13,28.8,
2026-08-10T15:00,23.4,60,24.4,0.0,0.0,,12.6,13,28.4,
2026-08-10T15:15,23.4,59,24.1,0.0,0.0,,13.0,12,28.4,
2026-08-10T15:30,23.5,57,23.8,0.0,0.0,,13.3,11,28.8,
2026-08-10T15:45,23.5,56,23.5,0.0,0.0,,13.7,10,29.5,
2026-08-10T16:00,23.5,55,23.1,0.0,0.0,,14.4,9,30.6,
2026-08-10T16:15,23.4,56,22.9,0.0,0.0,,15.5,10,32.4,
2026-08-10T16:30,23.4,57,22.6,0.0,0.0,,16.9,12,34.6,
2026-08-10T16:45,23.2,59,22.3,0.0,0.0,,18.0,13,36.4,
2026-08-10T17:00,23.1,60,21.9,0.0,0.0,,19.1,14,37.8,
2026-08-10T17:15,22.8,61,21.6,0.0,0.0,,19.4,16,37.8,
2026-08-10T17:30,22.5,63,21.3,0.0,0.0,,19.4,18,37.4,
2026-08-10T17:45,22.2,64,21.1,0.0,0.0,,19.1,20,36.4,
2026-08-10T18:00,21.9,65,20.8,0.0,0.0,,19.1,22,36.0,
2026-08-10T18:15,21.7,66,20.6,0.0,0.0,,19.1,23,36.0,
2026-08-10T18:30,21.5,67,20.4,0.0,0.0,,19.1,24,36.0,
2026-08-10T18:45,21.3,68,20.2,0.0,0.0,,19.1,24,36.4,
2026-08-10T19:00,21.1,68,20.0,0.0,0.0,,19.1,25,36.0,
2026-08-10T19:15,21.0,68,19.9,0.0,0.0,,18.7,27,35.3,
2026-08-10T19:30,20.9,68,19.8,0.0,0.0,,18.4,29,34.6,
2026-08-10T19:45,20.8,68,19.7,0.0,0.0,,18.0,30,33.5,
2026-08-10T20:00,20.6,68,19.5,0.0,0.0,,17.3,32,32.4,
2026-08-10T20:15,20.3,69,19.4,0.0,0.0,,16.6,33,31.3,
2026-08-10T20:30,20.0,69,19.0,0.0,0.0,,16.2,33,30.2,
2026-08-10T20:45,19.7,70,18.7,0.0,0.0,,15.5,34,28.4,
2026-08-10T21:00,19.4,71,18.6,0.0,0.0,,14.4,34,26.6,
2026-08-10T21:15,19.1,72,18.5,0.0,0.0,,13.0,37,23.8,
2026-08-10T21:30,18.7,73,18.3,0.0,0.0,,11.2,39,20.2,
2026-08-10T21:45,18.4,74,18.2,0.0,0.0,,9.4,42,16.6,
2026-08-10T22:00,18.1,75,18.1,0.0,0.0,,8.3,44,14.4,
2026-08-10T22:15,17.9,75,17.9,0.0,0.0,,7.9,42,14.0,
2026-08-10T22:30,17.8,75,17.7,0.0,0.0,,8.3,40,14.4,
2026-08-10T22:45,17.7,74,17.4,0.0,0.0,,9.0,38,15.5,
2026-08-10T23:00,17.5,74,17.1,0.0,0.0,,9.0,36,15.5,
2026-08-10T23:15,17.3,75,16.9,0.0,0.0,,8.6,43,14.8,
2026-08-10T23:30,16.9,76,16.6,0.0,0.0,,7.9,50,13.3,
2026-08-10T23:45,16.6,77,16.3,0.0,0.0,,7.2,57,11.9,
2026-08-11T00:00,16.3,78,16.1,0.0,0.0,,6.5,64,10.4,
2026-08-11T00:15,16.0,80,15.9,0.0,0.0,,5.8,74,9.4,
2026-08-11T00:30,15.7,82,15.8,0.0,0.0,,5.0,84,8.3,
2026-08-11T00:45,15.5,84,15.7,0.0,0.0,,4.7,93,7.2,
2026-08-11T01:00,15.3,85,15.5,0.0,0.0,,4.3,103,6.5,
2026-08-11T01:15,15.1,85,15.3,0.0,0.0,,4.3,102,6.1,
2026-08-11T01:30,15.0,85,15.2,0.0,0.0,,4.3,100,5.8,
2026-08-11T01:45,14.9,84,15.0,0.0,0.0,,4.3,99,5.8,
2026-08-11T02:00,14.8,84,14.8,0.0,0.0,,4.7,97,6.1,
2026-08-11T02:15,14.7,84,14.5,0.0,0.0,,5.4,95,7.2,
2026-08-11T02:30,14.5,84,14.1,0.0,0.0,,6.1,93,8.6,
2026-08-11T02:45,14.3,85,13.8,0.0,0.0,,7.2,91,10.4,
2026-08-11T03:00,14.2,85,13.5,0.0,0.0,,7.9,89,11.5,
2026-08-11T03:15,14.1,85,13.4,0.0,0.0,,8.3,88,11.9,
2026-08-11T03:30,14.0,86,13.2,0.0,0.0,,8.6,86,11.9,
2026-08-11T03:45,13.9,87,13.2,0.0,0.0,,8.6,85,11.9,
2026-08-11T04:00,13.8,87,13.0,0.0,0.0,,9.0,83,12.2,
2026-08-11T04:15,13.7,87,12.9,0.0,0.0,,9.4,81,13.3,
2026-08-11T04:30,13.6,87,12.6,0.0,0.0,,10.1,78,14.4,
2026-08-11T04:45,13.5,87,12.4,0.0,0.0,,10.4,76,15.8,
2026-08-11T05:00,13.5,87,12.3,0.0,0.0,,10.8,73,16.9,
2026-08-11T05:15,13.5,87,12.3,0.0,0.0,,11.2,74,17.6,
2026-08-11T05:30,13.5,88,12.4,0.0,0.0,,11.2,75,18.4,
2026-08-11T05:45,13.5,89,12.4,0.0,0.0,,11.5,75,19.1,
2026-08-11T06:00,13.5,89,12.4,0.0,0.0,,11.5,76,19.4,
2026-08-11T06:15,13.4,89,12.2,0.0,0.0,,11.5,76,19.4,
2026-08-11T06:30,13.1,88,11.9,0.0,0.0,,11.2,77,19.1,
2026-08-11T06:45,13.0,87,11.6,0.0,0.0,,11.2,77,19.1,
2026-08-11T07:00,12.9,86,11.5,0.0,0.0,,11.2,77,19.4,
2026-08-11T07:15,13.1,84,11.6,0.0,0.0,,11.5,78,20.5,
2026-08-11T07:30,13.4,83,11.8,0.0,0.0,,12.6,79,22.3,
2026-08-11T07:45,13.8,80,12.0,0.0,0.0,,13.3,80,24.1,
2026-08-11T08:00,14.3,78,12.4,0.0,0.0,,14.0,81,25.9,
2026-08-11T08:15,14.8,75,12.7,0.0,0.0,,14.8,82,27.4,
2026-08-11T08:30,15.3,73,13.2,0.0,0.0,,15.5,82,29.2,
2026-08-11T08:45,15.8,70,13.6,0.0,0.0,,16.2,83,30.6,
2026-08-11T09:00,16.4,67,14.0,0.0,0.0,,16.6,83,31.3,
2026-08-11T09:15,16.9,65,14.5,0.0,0.0,,16.6,83,31.0,
2026-08-11T09:30,17.3,62,15.0,0.0,0.0,,16.2,83,30.2,
2026-08-11T09:45,17.8,60,15.6,0.0,0.0,,15.5,83,29.2,
2026-08-11T10:00,18.3,58,16.0,0.0,0.0,,15.5,83,28.8,
2026-08-11T10:15,18.8,55,16.4,0.0,0.0,,15.8,82,29.5,
2026-08-11T10:30,19.3,53,16.8,0.0,0.0,,16.2,82,30.6,
2026-08-11T10:45,19.8,50,17.2,0.0,0.0,,16.6,81,32.0,
2026-08-11T11:00,20.2,48,17.7,0.0,0.0,,16.9,80,33.1,
2026-08-11T11:15,20.6,46,18.2,0.0,0.0,,16.9,81,33.8,
2026-08-11T11:30,20.9,45,18.6,0.0,0.0,,17.3,81,34.2,
2026-08-11T11:45,21.3,44,19.1,0.0,0.0,,17.3,82,34.2,
2026-08-11T12:00,21.6,42,19.5,0.0,0.0,,16.9,82,34.2,
2026-08-11T12:15,21.9,40,19.9,0.0,0.0,,16.6,82,33.8,
2026-08-11T12:30,22.2,37,20.2,0.0,0.0,,16.2,82,33.5,
2026-08-11T12:45,22.5,34,20.4,0.0,0.0,,15.5,81,32.8,
2026-08-11T13:00,22.9,32,20.9,0.0,0.0,,14.8,81,32.0,
2026-08-11T13:15,23.3,31,21.5,0.0,0.0,,14.0,83,31.3,
2026-08-11T13:30,23.7,30,22.1,0.0,0.0,,13.0,85,30.2,
2026-08-11T13:45,24.1,29,22.6,0.0,0.0,,12.2,87,29.5,
2026-08-11T14:00,24.4,28,23.0,0.0,0.0,,11.9,89,29.2,
2026-08-11T14:15,24.7,27,23.2,0.0,0.0,,12.2,86,29.5,
2026-08-11T14:30,25.0,26,23.3,0.0,0.0,,13.0,83,30.2,
2026-08-11T14:45,25.2,26,23.3,0.0,0.0,,14.0,80,31.0,
2026-08-11T15:00,25.4,25,23.2,0.0,0.0,,14.8,77,31.7,
2026-08-11T15:15,25.6,24,23.1,0.0,0.0,,15.1,78,32.0,
2026-08-11T15:30,25.6,23,23.0,0.0,0.0,,15.1,79,32.0,
2026-08-11T15:45,25.7,23,23.0,0.0,0.0,,15.1,79,32.0,
2026-08-11T16:00,25.8,22,22.8,0.0,0.0,,15.1,80,32.0,
2026-08-11T16:15,25.9,22,22.8,0.0,0.0,,15.5,80,32.4,
2026-08-11T16:30,26.1,22,22.8,0.0,0.0,,15.8,79,32.4,
2026-08-11T16:45,26.2,22,22.8,0.0,0.0,,15.8,79,32.8,
2026-08-11T17:00,26.3,22,22.7,0.0,0.0,,16.2,78,32.8,
2026-08-11T17:15,26.4,22,22.7,0.0,0.0,,16.2,79,32.8,
2026-08-11T17:30,26.5,22,22.6,0.0,0.0,,16.2,80,32.8,
2026-08-11T17:45,26.6,22,22.6,0.0,0.0,,16.2,80,32.4,
2026-08-11T18:00,26.6,22,22.7,0.0,0.0,,15.8,81,32.0,
2026-08-11T18:15,26.5,22,22.6,0.0,0.0,,15.5,80,31.3,
2026-08-11T18:30,26.3,23,22.6,0.0,0.0,,15.1,79,30.6,
2026-08-11T18:45,26.1,24,22.6,0.0,0.0,,14.4,78,29.5,
2026-08-11T19:00,25.9,25,22.5,0.0,0.0,,14.0,77,28.8,
2026-08-11T19:15,25.7,26,22.4,0.0,0.0,,13.7,67,28.1,
2026-08-11T19:30,25.4,28,22.3,0.0,0.0,,13.7,58,27.4,
2026-08-11T19:45,25.1,30,22.3,0.0,0.0,,13.3,48,26.6,
2026-08-11T20:00,24.7,33,22.2,0.0,0.0,,13.0,38,25.6,
2026-08-11T20:15,24.3,37,22.1,0.0,0.0,,12.6,37,24.5,
2026-08-11T20:30,23.8,42,22.0,0.0,0.0,,12.2,37,23.0,
2026-08-11T20:45,23.2,46,21.8,0.0,0.0,,11.5,36,21.6,
2026-08-11T21:00,22.6,51,21.6,0.0,0.0,,11.2,35,20.5,
2026-08-11T21:15,21.9,55,21.1,0.0,0.0,,10.8,37,20.2,
2026-08-11T21:30,21.2,59,20.5,0.0,0.0,,10.8,39,19.8,
2026-08-11T21:45,20.5,63,20.0,0.0,0.0,,10.4,40,19.8,
2026-08-11T22:00,19.9,66,19.5,0.0,0.0,,10.1,42,19.1,
2026-08-11T22:15,19.5,69,19.3,0.0,0.0,,9.4,41,17.6,
2026-08-11T22:30,19.1,71,19.1,0.0,0.0,,8.6,39,15.8,
2026-08-11T22:45,18.9,72,18.9,0.0,0.0,,8.3,38,14.4,
2026-08-11T23:00,18.7,70,18.5,0.0,0.0,,7.9,36,13.7,
2026-08-11T23:15,18.5,64,17.8,0.0,0.0,,8.3,46,14.4,
2026-08-11T23:30,18.4,55,16.9,0.0,0.0,,9.4,56,16.2,
2026-08-11T23:45,18.3,47,16.0,0.0,0.0,,10.4,66,18.0,
2026-08-12T00:00,18.1,41,15.3,0.0,0.0,,10.8,76,18.7,
2026-08-12T00:15,17.8,39,14.8,0.0,0.0,,10.4,74,18.4,
2026-08-12T00:30,17.4,40,14.5,0.0,0.0,,10.1,73,16.9,
2026-08-12T00:45,17.0,43,14.3,0.0,0.0,,9.4,71,15.5,
2026-08-12T01:00,16.7,46,14.2,0.0,0.0,,9.0,69,14.8,
2026-08-12T01:15,16.5,51,14.2,0.0,0.0,,9.0,72,15.1,
2026-08-12T01:30,16.3,58,14.4,0.0,0.0,,9.4,75,15.8,
2026-08-12T01:45,16.2,64,14.6,0.0,0.0,,9.7,77,16.9,
2026-08-12T02:00,16.0,68,14.6,0.0,0.0,,10.1,80,17.6,
2026-08-12T02:15,15.9,67,14.4,0.0,0.0,,10.4,82,18.4,
2026-08-12T02:30,15.9,64,14.1,0.0,0.0,,10.8,84,19.1,
2026-08-12T02:45,15.8,60,13.6,0.0,0.0,,11.2,85,19.8,
2026-08-12T03:00,15.7,58,13.4,0.0,0.0,,11.2,87,19.8,
2026-08-12T03:15,15.5,58,13.2,0.0,0.0,,10.8,87,19.4,
2026-08-12T03:30,15.2,59,13.0,0.0,0.0,,10.1,87,18.4,
2026-08-12T03:45,15.0,61,13.0,0.0,0.0,,9.4,86,17.3,
2026-08-12T04:00,14.8,62,12.8,0.0,0.0,,9.4,86,16.9,
2026-08-12T04:15,14.7,62,12.5,0.0,0.0,,10.1,86,17.6,
2026-08-12T04:30,14.7,63,12.5,0.0,0.0,,10.8,87,18.7,
2026-08-12T04:45,14.7,63,12.3,0.0,0.0,,11.9,87,20.2,
2026-08-12T05:00,14.6,63,12.2,0.0,0.0,,12.6,87,20.9,
2026-08-12T05:15,14.6,63,12.1,0.0,0.0,,13.0,89,21.2,
2026-08-12T05:30,14.6,64,12.2,0.0,0.0,,12.6,90,21.2,
2026-08-12T05:45,14.5,64,12.1,0.0,0.0,,12.6,92,21.2,
2026-08-12T06:00,14.4,64,12.0,0.0,0.0,,12.2,93,20.9,
2026-08-12T06:15,14.1,64,11.7,0.0,0.0,,11.9,94,20.2,
2026-08-12T06:30,13.6,64,11.2,0.0,0.0,,11.2,95,18.7,
2026-08-12T06:45,13.3,64,10.8,0.0,0.0,,10.8,95,18.0,
2026-08-12T07:00,13.1,64,10.7,0.0,0.0,,10.4,96,17.6,
2026-08-12T07:15,13.3,63,10.8,0.0,0.0,,10.8,96,18.7,
2026-08-12T07:30,13.7,62,11.1,0.0,0.0,,11.5,97,20.5,
2026-08-12T07:45,14.2,61,11.5,0.0,0.0,,12.6,97,22.3,
2026-08-12T08:00,14.7,59,12.0,0.0,0.0,,13.0,97,23.8,
2026-08-12T08:15,15.3,57,12.6,0.0,0.0,,13.0,100,24.1,
2026-08-12T08:30,15.9,56,13.3,0.0,0.0,,12.6,103,24.1,
2026-08-12T08:45,16.5,54,14.1,0.0,0.0,,11.9,105,23.8,
2026-08-12T09:00,17.2,52,14.8,0.0,0.0,,11.5,108,23.4,
2026-08-12T09:15,17.8,49,15.4,0.0,0.0,,11.2,111,22.7,
2026-08-12T09:30,18.5,47,16.1,0.0,0.0,,10.8,113,22.0,
2026-08-12T09:45,19.2,44,16.7,0.0,0.0,,10.8,116,21.2,
2026-08-12T10:00,19.9,41,17.5,0.0,0.0,,10.4,118,20.9,
2026-08-12T10:15,20.8,39,18.4,0.0,0.0,,10.4,116,20.9,
2026-08-12T10:30,21.8,37,19.4,0.0,0.0,,10.4,115,21.2,
2026-08-12T10:45,22.7,35,20.5,0.0,0.0,,10.1,113,21.6,
2026-08-12T11:00,23.6,33,21.5,0.0,0.0,,10.1,111,21.6,
2026-08-12T11:15,24.3,32,22.5,0.0,0.0,,9.7,110,21.2,
2026-08-12T11:30,24.9,31,23.3,0.0,0.0,,9.4,108,20.9,
2026-08-12T11:45,25.5,31,24.3,0.0,0.0,,8.6,107,20.2,
2026-08-12T12:00,26.0,30,25.0,0.0,0.0,,8.6,105,20.2,
2026-08-12T12:15,26.6,29,25.6,0.0,0.0,,9.0,106,20.5,
2026-08-12T12:30,27.1,27,26.1,0.0,0.0,,9.4,107,21.6,
2026-08-12T12:45,27.6,25,26.5,0.0,0.0,,9.7,107,22.3,
2026-08-12T13:00,28.1,24,26.9,0.0,0.0,,10.4,108,23.4,
2026-08-12T13:15,28.7,23,27.4,0.0,0.0,,11.2,109,24.5,
2026-08-12T13:30,29.3,22,27.9,0.0,0.0,,11.9,111,25.9,
2026-08-12T13:45,29.8,21,28.2,0.0,0.0,,12.6,112,27.0,
2026-08-12T14:00,30.2,20,28.5,0.0,0.0,,13.0,113,27.7,
2026-08-12T14:15,30.4,20,28.8,0.0,0.0,,12.6,107,27.7,
2026-08-12T14:30,30.5,20,29.0,0.0,0.0,,12.2,100,27.0,
2026-08-12T14:45,30.5,20,29.0,0.0,0.0,,11.5,94,25.9,
2026-08-12T15:00,30.5,20,29.1,0.0,0.0,,11.2,87,25.6,
2026-08-12T15:15,30.6,19,29.0,0.0,0.0,,11.2,87,25.6,
2026-08-12T15:30,30.7,18,28.8,0.0,0.0,,11.2,86,25.6,
2026-08-12T15:45,30.8,17,28.6,0.0,0.0,,11.2,86,25.6,
2026-08-12T16:00,30.9,16,28.5,0.0,0.0,,11.2,85,25.6,
2026-08-12T16:15,31.2,15,28.6,0.0,0.0,,11.2,86,25.6,
2026-08-12T16:30,31.6,15,28.9,0.0,0.0,,10.8,86,25.2,
2026-08-12T16:45,31.9,15,29.1,0.0,0.0,,10.8,87,25.2,
2026-08-12T17:00,31.9,16,29.1,0.0,0.0,,11.2,87,25.6,
2026-08-12T17:15,31.6,18,28.6,0.0,0.0,,12.2,72,27.0,
2026-08-12T17:30,31.0,21,27.9,0.0,0.0,,14.0,57,28.8,
2026-08-12T17:45,30.3,24,27.4,0.0,0.0,,15.5,42,31.0,
2026-08-12T18:00,29.7,26,26.8,0.0,0.0,,16.6,27,32.0,
2026-08-12T18:15,29.4,27,26.5,0.0,0.0,,16.9,27,32.0,
2026-08-12T18:30,29.1,27,26.2,0.0,0.0,,16.6,28,31.3,
2026-08-12T18:45,28.9,27,26.0,0.0,0.0,,16.2,28,30.6,
2026-08-12T19:00,28.7,27,25.9,0.0,0.0,,15.8,28,29.5,
2026-08-12T19:15,28.6,28,25.9,0.0,0.0,,15.5,29,28.8,
2026-08-12T19:30,28.4,28,25.7,0.0,0.0,,15.1,30,28.1,
2026-08-12T19:45,28.3,29,25.7,0.0,0.0,,14.8,31,27.0,
2026-08-12T20:00,27.9,31,25.6,0.0,0.0,,14.0,32,25.9,
2026-08-12T20:15,27.2,34,25.3,0.0,0.0,,13.0,31,24.1,
2026-08-12T20:30,26.3,38,24.9,0.0,0.0,,11.9,30,22.0,
2026-08-12T20:45,25.4,42,24.3,0.0,0.0,,10.8,29,19.4,
2026-08-12T21:00,24.6,45,23.8,0.0,0.0,,9.7,28,17.6,
2026-08-12T21:15,24.0,47,23.3,0.0,0.0,,9.0,30,16.2,
2026-08-12T21:30,23.4,48,22.7,0.0,0.0,,8.3,31,14.8,
2026-08-12T21:45,22.8,49,22.1,0.0,0.0,,7.9,33,13.3,
2026-08-12T22:00,22.4,50,21.7,0.0,0.0,,7.6,34,12.6,
2026-08-12T22:15,22.0,52,21.5,0.0,0.0,,7.2,36,12.2,
2026-08-12T22:30,21.8,55,21.5,0.0,0.0,,7.2,38,11.9,
2026-08-12T22:45,21.6,58,21.5,0.0,0.0,,7.2,40,11.9,
2026-08-12T23:00,21.3,60,21.3,0.0,0.0,,7.2,42,11.9,
2026-08-12T23:15,21.0,63,21.1,0.0,0.0,,7.2,45,11.5,
2026-08-12T23:30,20.5,66,20.8,0.0,0.0,,7.2,49,11.5,
2026-08-12T23:45,20.1,68,20.4,0.0,0.0,,7.2,52,11.2,
2026-08-13T00:00,19.8,68,20.0,0.0,0.0,,7.2,55,11.2,
2026-08-13T00:15,19.7,64,19.4,0.0,0.0,,7.6,62,11.5,
2026-08-13T00:30,19.6,56,18.7,0.0,0.0,,7.9,69,12.2,
2026-08-13T00:45,19.6,49,18.0,0.0,0.0,,8.3,76,12.6,
2026-08-13T01:00,19.5,45,17.5,0.0,0.0,,8.6,83,13.0,
2026-08-13T01:15,19.3,46,17.3,0.0,0.0,,8.6,78,12.6,
2026-08-13T01:30,19.1,49,17.4,0.0,0.0,,8.3,72,11.9,
2026-08-13T01:45,18.8,54,17.5,0.0,0.0,,7.9,67,11.2,
2026-08-13T02:00,18.6,57,17.5,0.0,0.0,,7.6,61,10.4,
2026-08-13T02:15,18.3,59,17.3,0.0,0.0,,7.2,63,10.1,
2026-08-13T02:30,18.0,62,17.1,0.0,0.0,,7.2,65,9.7,
2026-08-13T02:45,17.7,63,16.8,0.0,0.0,,6.8,66,9.0,
2026-08-13T03:00,17.4,62,16.5,0.0,0.0,,6.5,68,8.6,
2026-08-13T03:15,17.2,58,16.0,0.0,0.0,,6.1,76,7.9,
2026-08-13T03:30,17.1,52,15.6,0.0,0.0,,5.4,85,7.2,
2026-08-13T03:45,17.0,46,15.1,0.0,0.0,,5.0,93,6.8,
2026-08-13T04:00,16.8,42,14.7,0.0,0.0,,4.7,101,6.1,
2026-08-13T04:15,16.6,42,14.5,0.0,0.0,,4.3,78,5.8,
2026-08-13T04:30,16.4,44,14.4,0.0,0.0,,4.3,55,5.4,
2026-08-13T04:45,16.2,47,14.4,0.0,0.0,,4.0,31,5.4,
2026-08-13T05:00,16.0,50,14.4,0.0,0.0,,4.0,8,5.0,
2026-08-13T05:15,15.8,52,14.3,0.0,0.0,,3.6,14,4.7,
2026-08-13T05:30,15.6,55,14.2,0.0,0.0,,3.6,21,4.3,
2026-08-13T05:45,15.4,57,14.1,0.0,0.0,,3.2,27,4.0,
2026-08-13T06:00,15.1,58,13.9,0.0,0.0,,3.2,33,3.6,
2026-08-13T06:15,14.8,57,13.4,0.0,0.0,,3.2,30,3.6,
2026-08-13T06:30,14.4,54,12.8,0.0,0.0,,3.2,26,3.2,
2026-08-13T06:45,14.1,51,12.2,0.0,0.0,,3.6,23,3.6,
2026-08-13T07:00,14.1,49,12.0,0.0,0.0,,4.0,19,4.3,
2026-08-13T07:15,14.5,48,12.2,0.0,0.0,,5.0,42,6.1,
2026-08-13T07:30,15.0,47,12.6,0.0,0.0,,6.5,64,9.0,
2026-08-13T07:45,15.7,47,13.2,0.0,0.0,,7.9,87,11.5,
2026-08-13T08:00,16.4,46,13.9,0.0,0.0,,8.6,109,13.0,
2026-08-13T08:15,17.1,45,14.7,0.0,0.0,,7.9,107,12.6,
2026-08-13T08:30,17.8,43,15.6,0.0,0.0,,6.5,104,11.2,
2026-08-13T08:45,18.5,42,16.6,0.0,0.0,,5.0,102,9.7,
2026-08-13T09:00,19.3,40,17.6,0.0,0.0,,4.0,99,9.0,
2026-08-13T09:15,20.0,38,18.3,0.0,0.0,,4.0,101,9.4,
2026-08-13T09:30,20.8,36,19.0,0.0,0.0,,4.3,104,10.1,
2026-08-13T09:45,21.7,33,19.7,0.0,0.0,,4.7,106,11.2,
2026-08-13T10:00,22.5,31,20.5,0.0,0.0,,5.0,108,11.9,
2026-08-13T10:15,23.5,29,21.5,0.0,0.0,,4.7,114,12.2,
2026-08-13T10:30,24.5,27,22.5,0.0,0.0,,4.3,120,12.2,
2026-08-13T10:45,25.6,25,23.7,0.0,0.0,,4.0,126,12.2,
2026-08-13T11:00,26.5,24,24.9,0.0,0.0,,4.0,132,12.6,
2026-08-13T11:15,27.2,23,25.8,0.0,0.0,,4.3,128,13.3,
2026-08-13T11:30,27.9,23,26.6,0.0,0.0,,5.0,125,14.0,
2026-08-13T11:45,28.4,22,27.2,0.0,0.0,,5.8,121,15.1,
2026-08-13T12:00,29.0,22,28.0,0.0,0.0,,6.1,117,15.8,
2026-08-13T12:15,29.6,22,28.7,0.0,0.0,,6.5,122,16.6,
2026-08-13T12:30,30.1,21,29.3,0.0,0.0,,6.8,127,16.9,
2026-08-13T12:45,30.6,21,30.0,0.0,0.0,,6.8,131,17.3,
2026-08-13T13:00,31.2,20,30.6,0.0,0.0,,6.8,136,17.6,
2026-08-13T13:15,31.8,19,31.2,0.0,0.0,,6.5,128,17.6,
2026-08-13T13:30,32.4,18,31.8,0.0,0.0,,6.1,120,17.6,
2026-08-13T13:45,33.0,18,32.6,0.0,0.0,,5.8,112,17.6,
2026-08-13T14:00,33.4,17,32.9,0.0,0.0,,5.8,104,18.0,
2026-08-13T14:15,33.6,17,33.1,0.0,0.0,,6.1,104,18.7,
2026-08-13T14:30,33.6,17,32.9,0.0,0.0,,7.2,103,19.8,
2026-08-13T14:45,33.6,17,32.8,0.0,0.0,,7.9,103,20.9,
2026-08-13T15:00,33.7,17,32.8,0.0,0.0,,8.3,102,21.6,
2026-08-13T15:15,33.9,17,33.0,0.0,0.0,,8.3,112,21.6,
2026-08-13T15:30,34.2,16,33.1,0.0,0.0,,7.9,123,21.6,
2026-08-13T15:45,34.5,15,33.2,0.0,0.0,,7.6,133,21.2,
2026-08-13T16:00,34.7,15,33.4,0.0,0.0,,7.2,143,20.9,
2026-08-13T16:15,34.9,15,33.5,0.0,0.0,,6.8,134,20.5,
2026-08-13T16:30,35.0,15,33.6,0.0,0.0,,6.1,125,19.8,
2026-08-13T16:45,35.1,15,33.6,0.0,0.0,,5.8,115,19.4,
2026-08-13T17:00,35.1,15,33.3,0.0,0.0,,6.1,106,19.4,
2026-08-13T17:15,34.9,16,32.9,0.0,0.0,,7.2,85,20.5,
2026-08-13T17:30,34.6,18,32.6,0.0,0.0,,8.6,64,22.0,
2026-08-13T17:45,34.3,20,32.3,0.0,0.0,,10.1,42,23.4,
2026-08-13T18:00,33.9,21,31.8,0.0,0.0,,11.5,21,24.5,
2026-08-13T18:15,33.5,22,31.3,0.0,0.0,,12.6,20,25.2,
2026-08-13T18:30,33.1,23,30.9,0.0,0.0,,13.3,18,25.9,
2026-08-13T18:45,32.6,23,30.2,0.0,0.0,,13.7,17,25.9,
2026-08-13T19:00,32.0,25,29.9,0.0,0.0,,13.7,15,25.2,
2026-08-13T19:15,31.4,28,29.8,0.0,0.0,,12.6,14,23.4,
2026-08-13T19:30,30.7,31,29.6,0.0,0.0,,11.2,13,20.5,
2026-08-13T19:45,30.0,35,29.6,0.0,0.0,,9.4,11,17.6,
2026-08-13T20:00,29.2,39,29.3,0.0,0.0,,8.3,10,15.8,
2026-08-13T20:15,28.3,43,28.5,0.0,0.0,,8.3,4,15.5,
2026-08-13T20:30,27.2,47,27.6,0.0,0.0,,8.6,358,16.2,
2026-08-13T20:45,26.2,51,26.6,0.0,0.0,,9.4,351,17.3,
2026-08-13T21:00,25.4,53,25.7,0.0,0.0,,9.7,345,17.3,
2026-08-13T21:15,24.9,53,25.1,0.0,0.0,,9.4,354,16.6,
2026-08-13T21:30,24.6,51,24.5,0.0,0.0,,8.6,3,15.1,
2026-08-13T21:45,24.3,50,24.2,0.0,0.0,,7.9,11,13.3,
2026-08-13T22:00,24.0,51,23.9,0.0,0.0,,7.2,20,11.9,
2026-08-13T22:15,23.5,56,24.0,0.0,0.0,,6.5,6,10.4,
2026-08-13T22:30,23.0,65,24.3,0.0,0.0,,5.8,352,9.4,
2026-08-13T22:45,22.5,73,24.5,0.0,0.0,,5.0,338,7.9,
2026-08-13T23:00,22.1,78,24.5,0.0,0.0,,4.3,324,6.8,
2026-08-13T23:15,21.8,79,24.2,0.0,0.0,,4.0,345,5.8,
2026-08-13T23:30,21.6,78,23.8,0.0,0.0,,3.6,5,5.0,
2026-08-13T23:45,21.4,75,23.3,0.0,0.0,,3.6,26,4.3,
2026-08-14T00:00,21.3,73,22.9,0.0,0.0,,3.6,46,4.3,
2026-08-14T00:15,21.2,71,22.5,0.0,0.0,,4.3,56,5.0,
2026-08-14T00:30,21.1,67,21.8,0.0,0.0,,5.4,66,6.5,
2026-08-14T00:45,21.0,65,21.4,0.0,0.0,,6.5,76,7.6,
2026-08-14T01:00,20.8,65,21.1,0.0,0.0,,7.2,86,8.3,
2026-08-14T01:15,20.6,69,21.1,0.0,0.0,,6.8,104,7.9,
2026-08-14T01:30,20.3,75,21.3,0.0,0.0,,6.1,122,6.8,
2026-08-14T01:45,19.9,82,21.5,0.0,0.0,,5.4,139,5.8,
2026-08-14T02:00,19.7,86,21.6,0.0,0.0,,4.7,157,5.0,
2026-08-14T02:15,19.5,87,21.4,0.0,0.0,,4.7,160,4.7,
2026-08-14T02:30,19.4,86,21.2,0.0,0.0,,4.7,163,5.0,
2026-08-14T02:45,19.3,83,20.8,0.0,0.0,,4.7,165,5.4,
2026-08-14T03:00,19.2,81,20.5,0.0,0.0,,5.0,168,5.8,
2026-08-14T03:15,19.3,78,20.3,0.0,0.0,,5.4,165,6.8,
2026-08-14T03:30,19.4,73,20.1,0.0,0.0,,5.8,162,8.3,
2026-08-14T03:45,19.5,69,19.8,0.0,0.0,,6.1,158,9.4,
2026-08-14T04:00,19.5,67,19.6,0.0,0.0,,6.5,155,10.1,
2026-08-14T04:15,19.4,67,19.5,0.0,0.0,,6.1,159,9.7,
2026-08-14T04:30,19.1,69,19.3,0.0,0.0,,5.8,162,8.3,
2026-08-14T04:45,18.9,72,19.3,0.0,0.0,,5.4,166,6.8,
2026-08-14T05:00,18.6,74,19.2,0.0,0.0,,5.0,169,6.1,
2026-08-14T05:15,18.4,75,19.0,0.0,0.0,,5.0,189,6.1,
2026-08-14T05:30,18.2,77,18.7,0.0,0.0,,5.4,209,6.5,
2026-08-14T05:45,18.0,78,18.5,0.0,0.0,,5.8,229,6.8,
2026-08-14T06:00,17.9,77,18.3,0.0,0.0,,5.8,249,7.2,
2026-08-14T06:15,17.8,74,17.9,0.0,0.0,,5.8,239,7.2,
2026-08-14T06:30,17.8,69,17.6,0.0,0.0,,5.8,228,6.8,
2026-08-14T06:45,17.8,64,17.2,0.0,0.0,,5.8,218,6.5,
2026-08-14T07:00,17.9,61,17.1,0.0,0.0,,5.8,207,6.1,
2026-08-14T07:15,18.0,61,17.3,0.0,0.0,,5.4,214,5.8,
2026-08-14T07:30,18.1,63,17.7,0.0,0.0,,5.0,222,5.0,
2026-08-14T07:45,18.4,64,18.1,0.0,0.0,,4.7,229,5.0,
2026-08-14T08:00,18.9,64,18.8,0.0,0.0,,4.7,236,5.0,
2026-08-14T08:15,19.6,61,19.5,0.0,0.0,,5.0,243,6.1,
2026-08-14T08:30,20.6,56,20.3,0.0,0.0,,5.8,250,7.6,
2026-08-14T08:45,21.7,51,21.1,0.0,0.0,,6.1,257,9.0,
2026-08-14T09:00,22.8,46,22.0,0.0,0.0,,6.5,264,10.1,
2026-08-14T09:15,23.9,42,23.1,0.0,0.0,,6.1,251,10.4,
2026-08-14T09:30,25.1,38,24.3,0.0,0.0,,5.4,238,10.1,
2026-08-14T09:45,26.3,35,25.5,0.0,0.0,,4.7,224,10.1,
2026-08-14T10:00,27.3,32,26.4,0.0,0.0,,4.3,211,10.1,
2026-08-14T10:15,28.1,30,27.1,0.0,0.0,,4.3,205,10.4,
2026-08-14T10:30,28.8,28,27.7,0.0,0.0,,4.3,199,11.2,
2026-08-14T10:45,29.4,26,28.2,0.0,0.0,,4.3,193,11.9,
2026-08-14T11:00,29.9,25,29.0,0.0,0.0,,4.3,187,12.6,
2026-08-14T11:15,30.5,24,29.7,0.0,0.0,,4.3,200,13.0,
2026-08-14T11:30,31.0,23,30.3,0.0,0.0,,4.3,213,13.7,
2026-08-14T11:45,31.4,23,31.0,0.0,0.0,,4.3,225,14.0,
2026-08-14T12:00,31.8,22,31.5,0.0,0.0,,4.3,238,14.4,
2026-08-14T12:15,32.3,21,32.1,0.0,0.0,,4.0,252,14.4,
2026-08-14T12:30,32.7,21,32.8,0.0,0.0,,3.6,267,14.4,
2026-08-14T12:45,33.0,21,33.3,0.0,0.0,,3.6,281,14.8,
2026-08-14T13:00,33.2,21,33.5,0.0,0.0,,4.0,295,15.5,
2026-08-14T13:15,33.0,22,33.3,0.0,0.0,,5.4,311,17.6,
2026-08-14T13:30,32.6,24,32.9,0.0,0.0,,7.2,326,20.5,
2026-08-14T13:45,32.2,26,32.4,0.0,0.0,,9.4,342,23.4,
2026-08-14T14:00,31.8,27,31.8,0.0,0.0,,11.2,357,25.6,
2026-08-14T14:15,31.6,27,31.3,0.0,0.0,,12.2,356,27.0,
2026-08-14T14:30,31.4,27,30.9,0.0,0.0,,13.3,354,28.1,
2026-08-14T14:45,31.3,27,30.7,0.0,0.0,,13.7,353,28.4,
2026-08-14T15:00,31.2,27,30.4,0.0,0.0,,14.0,351,28.4,
2026-08-14T15:15,31.1,27,30.2,0.0,0.0,,13.7,350,27.7,
2026-08-14T15:30,30.9,27,30.1,0.0,0.0,,13.0,349,26.6,
2026-08-14T15:45,30.9,27,30.0,0.0,0.0,,12.2,348,25.2,
2026-08-14T16:00,30.8,27,29.9,0.0,0.0,,11.9,347,24.1,
2026-08-14T16:15,30.9,26,29.7,0.0,0.0,,11.9,345,23.8,
2026-08-14T16:30,31.0,25,29.5,0.0,0.0,,12.2,343,23.8,
2026-08-14T16:45,31.1,25,29.4,0.0,0.0,,12.2,340,24.1,
2026-08-14T17:00,31.2,24,29.2,0.0,0.0,,12.2,338,23.8,
2026-08-14T17:15,31.1,24,29.0,0.0,0.0,,11.9,338,23.0,
2026-08-14T17:30,31.0,24,28.9,0.0,0.0,,10.8,338,22.0,
2026-08-14T17:45,30.9,24,28.9,0.0,0.0,,10.1,338,20.9,
2026-08-14T18:00,30.7,25,28.9,0.0,0.0,,9.7,338,20.2,
2026-08-14T18:15,30.6,26,28.9,0.0,0.0,,9.7,344,19.8,
2026-08-14T18:30,30.5,28,29.0,0.0,0.0,,10.1,349,20.2,
2026-08-14T18:45,30.3,30,29.0,0.0,0.0,,10.4,355,20.2,
2026-08-14T19:00,30.0,31,28.8,0.0,0.0,,10.4,0,20.2,
2026-08-14T19:15,29.7,31,28.4,0.0,0.0,,10.4,6,19.8,
2026-08-14T19:30,29.2,31,27.9,0.0,0.0,,10.1,13,19.4,
2026-08-14T19:45,28.7,32,27.4,0.0,0.0,,10.1,19,18.7,
2026-08-14T20:00,28.2,33,26.9,0.0,0.0,,9.7,25,18.0,
2026-08-14T20:15,27.6,36,26.6,0.0,0.0,,9.4,24,16.6,
2026-08-14T20:30,26.9,40,26.2,0.0,0.0,,9.0,23,15.1,
2026-08-14T20:45,26.2,44,25.8,0.0,0.0,,8.6,21,13.7,
2026-08-14T21:00,25.5,49,25.6,0.0,0.0,,8.3,20,12.6,
2026-08-14T21:15,24.8,55,25.3,0.0,0.0,,8.3,24,12.6,
2026-08-14T21:30,24.1,62,25.1,0.0,0.0,,8.3,28,13.0,
2026-08-14T21:45,23.4,68,24.7,0.0,0.0,,8.6,31,13.7,
2026-08-14T22:00,23.0,72,24.5,0.0,0.0,,8.6,35,14.0,
2026-08-14T22:15,22.8,72,24.3,0.0,0.0,,8.6,45,14.0,
2026-08-14T22:30,23.0,68,24.1,0.0,0.0,,8.6,54,14.0,
2026-08-14T22:45,23.1,65,23.9,0.0,0.0,,8.6,64,13.7,
2026-08-14T23:00,23.1,64,23.9,0.0,0.0,,8.3,73,13.0,
2026-08-14T23:15,22.8,67,23.9,0.0,0.0,,7.6,50,11.5,
2026-08-14T23:30,22.4,72,24.1,0.0,0.0,,6.1,26,9.7,
2026-08-14T23:45,22.0,77,24.1,0.0,0.0,,5.0,3,7.9,
2026-08-15T00:00,21.7,81,24.1,0.0,0.0,,4.3,339,6.8,
2026-08-15T00:15,21.4,83,23.8,0.0,0.0,,4.3,339,6.8,
2026-08-15T00:30,21.1,84,23.5,0.0,0.0,,4.7,339,7.2,
2026-08-15T00:45,20.9,83,23.1,0.0,0.0,,5.0,339,7.6,
2026-08-15T01:00,20.8,83,22.9,0.0,0.0,,5.0,339,7.6,
2026-08-15T01:15,20.7,81,22.6,0.0,0.0,,4.3,311,6.5,
2026-08-15T01:30,20.7,79,22.6,0.0,0.0,,3.2,282,4.7,
2026-08-15T01:45,20.7,76,22.5,0.0,0.0,,2.5,254,2.9,
2026-08-15T02:00,20.6,76,22.5,0.0,0.0,,2.2,225,2.5,
2026-08-15T02:15,20.5,79,22.4,0.0,0.0,,3.2,245,4.0,
2026-08-15T02:30,20.2,83,22.1,0.0,0.0,,5.0,265,6.8,
2026-08-15T02:45,20.0,88,21.9,0.0,0.0,,6.8,285,9.7,
2026-08-15T03:00,19.9,91,21.8,0.0,0.0,,7.9,305,11.2,
2026-08-15T03:15,19.9,92,21.9,0.0,0.0,,7.6,278,10.4,
2026-08-15T03:30,19.9,92,22.2,0.0,0.0,,6.1,250,8.6,
2026-08-15T03:45,20.0,91,22.5,0.0,0.0,,4.3,223,6.8,
2026-08-15T04:00,20.1,91,22.8,0.0,0.0,,3.6,195,5.8,
2026-08-15T04:15,20.2,91,22.8,0.0,0.0,,4.0,213,6.5,
2026-08-15T04:30,20.2,91,22.7,0.0,0.0,,5.0,231,7.9,
2026-08-15T04:45,20.3,91,22.7,0.0,0.0,,5.8,249,9.7,
2026-08-15T05:00,20.3,91,22.6,0.0,0.0,,6.1,267,10.1,
2026-08-15T05:15,20.3,92,22.8,0.0,0.0,,5.4,272,8.6,
2026-08-15T05:30,20.2,93,23.0,0.0,0.0,,4.0,277,5.8,
2026-08-15T05:45,20.2,93,23.2,0.0,0.0,,2.5,282,3.2,
2026-08-15T06:00,20.1,94,23.3,0.0,0.0,,1.8,287,2.2,
2026-08-15T06:15,20.1,94,23.2,0.0,0.0,,2.5,310,3.6,
2026-08-15T06:30,20.1,95,23.0,0.0,0.0,,4.0,333,6.5,
2026-08-15T06:45,20.1,94,22.7,0.0,0.0,,5.4,356,9.4,
2026-08-15T07:00,20.1,94,22.5,0.0,0.0,,6.5,19,11.2,
2026-08-15T07:15,20.0,93,22.3,0.0,0.0,,6.8,11,11.2,
2026-08-15T07:30,19.9,91,22.1,0.0,0.0,,6.5,2,10.1,
2026-08-15T07:45,19.9,89,21.9,0.0,0.0,,6.1,354,9.0,
2026-08-15T08:00,20.0,88,22.0,0.0,0.0,,6.1,345,9.0,
2026-08-15T08:15,20.4,88,22.5,0.0,0.0,,6.8,359,10.4,
2026-08-15T08:30,21.0,88,23.3,0.0,0.0,,7.6,13,13.0,
2026-08-15T08:45,21.7,88,24.1,0.0,0.0,,8.6,27,15.5,
2026-08-15T09:00,22.2,86,24.6,0.0,0.0,,9.4,41,17.3,
2026-08-15T09:15,22.7,80,24.7,0.0,0.0,,9.7,43,18.4,
2026-08-15T09:30,23.2,70,24.5,0.0,0.0,,9.7,46,19.1,
2026-08-15T09:45,23.7,61,24.3,0.0,0.0,,9.4,48,19.8,
2026-08-15T10:00,24.0,57,24.3,0.0,0.0,,9.4,50,19.8,
2026-08-15T10:15,24.1,60,24.8,0.0,0.0,,9.0,37,19.4,
2026-08-15T10:30,24.0,67,25.5,0.0,0.0,,8.6,24,18.4,
2026-08-15T10:45,24.0,74,26.2,0.0,0.0,,8.3,11,17.6,
2026-08-15T11:00,24.2,77,26.8,0.0,0.0,,7.9,358,16.9,
2026-08-15T11:15,24.7,73,27.2,0.0,0.0,,7.2,11,16.6,
2026-08-15T11:30,25.3,64,27.4,0.0,0.0,,6.1,24,15.8,
2026-08-15T11:45,26.0,55,27.4,0.0,0.0,,5.8,36,15.8,
2026-08-15T12:00,26.5,49,27.4,0.0,0.0,,6.1,49,17.3,
2026-08-15T12:15,26.6,48,27.4,0.0,0.0,,8.3,37,20.9,
2026-08-15T12:30,26.6,50,27.3,0.0,0.0,,11.5,25,25.9,
2026-08-15T12:45,26.5,54,27.2,0.0,0.0,,14.8,12,30.6,
2026-08-15T13:00,26.4,57,27.2,0.0,0.0,,16.6,0,33.5,
2026-08-15T13:15,26.3,61,27.4,0.0,0.0,,16.6,359,33.1,
2026-08-15T13:30,26.0,67,27.9,0.0,0.0,,15.5,357,31.0,
2026-08-15T13:45,25.8,71,28.2,0.0,0.0,,14.0,356,28.4,
2026-08-15T14:00,25.7,73,28.4,0.0,0.0,,13.7,354,27.4,
2026-08-15T14:15,25.8,71,28.3,0.0,0.0,,14.4,1,28.8,
2026-08-15T14:30,26.0,65,27.7,0.0,0.0,,16.2,9,32.0,
2026-08-15T14:45,26.2,60,27.2,0.0,0.0,,17.6,16,35.3,
2026-08-15T15:00,26.2,57,26.6,0.0,0.0,,18.7,23,37.4,
2026-08-15T15:15,25.9,58,26.3,0.0,0.0,,19.1,22,38.5,
2026-08-15T15:30,25.4,61,25.8,0.0,0.0,,19.1,22,38.5,
2026-08-15T15:45,24.9,64,25.3,0.0,0.0,,18.7,21,38.5,
2026-08-15T16:00,24.5,67,24.8,0.0,0.0,,18.7,20,38.5,
2026-08-15T16:15,24.3,68,24.5,0.0,0.0,,18.7,20,38.5,
2026-08-15T16:30,24.2,69,24.4,0.0,0.0,,19.1,21,38.9,
2026-08-15T16:45,24.1,69,24.2,0.0,0.0,,19.1,21,38.9,
2026-08-15T17:00,24.0,69,24.1,0.0,0.0,,19.1,21,38.9,
2026-08-15T17:15,23.8,69,23.8,0.0,0.0,,19.1,22,38.9,
2026-08-15T17:30,23.6,70,23.6,0.0,0.0,,19.1,23,38.5,
2026-08-15T17:45,23.3,70,23.3,0.0,0.0,,19.1,24,38.2,
2026-08-15T18:00,23.1,71,23.1,0.0,0.0,,19.1,25,37.8,
2026-08-15T18:15,23.0,72,23.0,0.0,0.0,,18.7,26,37.1,
2026-08-15T18:30,22.8,73,22.9,0.0,0.0,,18.4,26,36.4,
2026-08-15T18:45,22.7,75,23.1,0.0,0.0,,17.6,27,35.3,
2026-08-15T19:00,22.6,76,23.0,0.0,0.0,,17.3,27,34.6,
2026-08-15T19:15,22.4,77,23.0,0.0,0.0,,16.9,24,34.2,
2026-08-15T19:30,22.3,79,23.0,0.0,0.0,,16.9,20,34.2,
2026-08-15T19:45,22.2,80,22.9,0.0,0.0,,16.9,17,33.8,
2026-08-15T20:00,22.0,81,22.7,0.0,0.0,,16.9,13,33.5,
2026-08-15T20:15,21.8,81,22.4,0.0,0.0,,16.6,13,32.8,
2026-08-15T20:30,21.5,80,21.9,0.0,0.0,,16.6,12,31.7,
2026-08-15T20:45,21.2,79,21.5,0.0,0.0,,16.2,12,30.6,
2026-08-15T21:00,21.0,79,21.2,0.0,0.0,,16.2,11,30.2,
2026-08-15T21:15,21.0,79,21.2,0.0,0.0,,16.6,12,30.6,
2026-08-15T21:30,21.1,80,21.3,0.0,0.0,,16.9,13,31.3,
2026-08-15T21:45,21.2,81,21.5,0.0,0.0,,16.9,13,32.0,
2026-08-15T22:00,21.2,82,21.6,0.0,0.0,,16.9,14,31.7,
2026-08-15T22:15,21.0,83,21.6,0.0,0.0,,16.2,14,29.9,
2026-08-15T22:30,20.8,83,21.5,0.0,0.0,,14.8,14,27.4,
2026-08-15T22:45,20.6,84,21.5,0.0,0.0,,13.7,14,24.8,
2026-08-15T23:00,20.5,84,21.4,0.0,0.0,,13.0,14,23.4,
2026-08-15T23:15,20.4,84,21.2,0.0,0.0,,13.3,15,24.1,
2026-08-15T23:30,20.4,83,21.0,0.0,0.0,,14.0,15,25.9,
2026-08-15T23:45,20.4,82,20.8,0.0,0.0,,14.8,16,28.1,
2026-08-16T00:00,20.4,81,20.6,0.0,0.0,,15.5,16,29.5,
2026-08-16T00:15,20.5,80,20.6,0.0,0.0,,15.8,18,30.6,
2026-08-16T00:30,20.6,79,20.6,0.0,0.0,,16.6,21,31.3,
2026-08-16T00:45,20.8,78,20.7,0.0,0.0,,16.6,23,31.7,
2026-08-16T01:00,20.8,78,20.7,0.0,0.0,,16.6,25,31.3,
2026-08-16T01:15,20.6,78,20.6,0.0,0.0,,15.8,23,29.9,
2026-08-16T01:30,20.4,79,20.5,0.0,0.0,,14.8,21,27.7,
2026-08-16T01:45,20.1,80,20.4,0.0,0.0,,13.7,18,24.8,
2026-08-16T02:00,19.9,81,20.4,0.0,0.0,,12.2,16,22.0,
2026-08-16T02:15,19.7,82,20.5,0.0,0.0,,10.4,23,18.7,
2026-08-16T02:30,19.6,84,20.7,0.0,0.0,,8.6,30,15.1,
2026-08-16T02:45,19.4,85,20.8,0.0,0.0,,6.8,36,11.5,
2026-08-16T03:00,19.3,86,21.0,0.0,0.0,,5.4,43,9.0,
2026-08-16T03:15,19.2,87,21.0,0.0,0.0,,4.7,50,7.9,
2026-08-16T03:30,19.2,88,21.0,0.0,0.0,,4.7,57,7.9,
2026-08-16T03:45,19.1,89,21.0,0.0,0.0,,4.7,64,7.9,
2026-08-16T04:00,19.1,89,21.0,0.0,0.0,,4.7,71,7.9,
2026-08-16T04:15,18.9,89,20.8,0.0,0.0,,4.3,64,7.6,
2026-08-16T04:30,18.8,89,20.6,0.0,0.0,,4.3,56,6.8,
2026-08-16T04:45,18.6,89,20.4,0.0,0.0,,4.0,49,6.5,
2026-08-16T05:00,18.6,88,20.3,0.0,0.0,,4.0,41,6.5,
2026-08-16T05:15,18.7,87,20.3,0.0,0.0,,4.0,42,7.2,
2026-08-16T05:30,18.9,85,20.4,0.0,0.0,,4.3,43,8.6,
2026-08-16T05:45,19.1,84,20.6,0.0,0.0,,4.7,43,9.7,
2026-08-16T06:00,19.2,83,20.7,0.0,0.0,,5.0,44,10.4,
2026-08-16T06:15,19.2,84,20.7,0.0,0.0,,5.0,33,10.1,
2026-08-16T06:30,19.2,86,20.9,0.0,0.0,,5.0,23,9.7,
2026-08-16T06:45,19.1,88,20.9,0.0,0.0,,5.0,12,8.6,
2026-08-16T07:00,19.0,89,20.8,0.0,0.0,,5.0,1,7.9,
2026-08-16T07:15,18.8,90,20.7,0.0,0.0,,4.7,17,7.2,
2026-08-16T07:30,18.6,90,20.4,0.0,0.0,,4.3,33,6.5,
2026-08-16T07:45,18.3,90,20.1,0.0,0.0,,4.0,49,6.1,
2026-08-16T08:00,18.3,89,20.0,0.0,0.0,,4.0,65,6.1,
2026-08-16T08:15,18.6,86,20.2,0.0,0.0,,4.3,76,7.2,
2026-08-16T08:30,19.1,81,20.4,0.0,0.0,,4.7,86,9.4,
2026-08-16T08:45,19.7,76,20.7,0.0,0.0,,5.4,97,11.2,
2026-08-16T09:00,20.0,73,20.9,0.0,0.0,,5.4,107,11.9,
2026-08-16T09:15,20.1,74,21.2,0.0,0.0,,5.0,104,10.8,
2026-08-16T09:30,20.1,77,21.6,0.0,0.0,,4.0,100,9.0,
2026-08-16T09:45,20.1,79,21.8,0.0,0.0,,3.2,97,7.2,
2026-08-16T10:00,20.2,80,22.0,0.0,0.0,,3.2,93,6.8,
2026-08-16T10:15,20.5,77,22.0,0.0,0.0,,4.3,76,9.0,
2026-08-16T10:30,20.9,73,22.1,0.0,0.0,,5.8,60,12.6,
2026-08-16T10:45,21.4,68,22.1,0.0,0.0,,7.6,43,16.2,
2026-08-16T11:00,21.9,64,22.2,0.0,0.0,,8.6,26,19.1,
2026-08-16T11:15,22.4,62,22.6,0.0,0.0,,9.4,22,20.5,
2026-08-16T11:30,22.9,60,23.1,0.0,0.0,,9.4,18,21.6,
2026-08-16T11:45,23.3,60,23.7,0.0,0.0,,9.4,14,21.6,
2026-08-16T12:00,23.5,60,24.3,0.0,0.0,,9.4,10,21.6,
2026-08-16T12:15,23.3,62,24.5,0.0,0.0,,8.6,12,20.5,
2026-08-16T12:30,22.8,65,24.3,0.0,0.0,,7.9,14,18.7,
2026-08-16T12:45,22.3,68,24.0,0.0,0.0,,6.8,15,16.9,
2026-08-16T13:00,22.1,69,23.7,0.0,0.0,,6.8,17,16.6,
2026-08-16T13:15,22.4,67,23.5,0.0,0.0,,7.6,14,18.4,
2026-08-16T13:30,22.9,63,23.4,0.0,0.0,,9.4,10,21.6,
2026-08-16T13:45,23.5,59,23.6,0.0,0.0,,10.8,7,24.8,
2026-08-16T14:00,23.9,56,23.7,0.0,0.0,,11.9,3,27.0,
2026-08-16T14:15,24.0,54,23.7,0.0,0.0,,12.2,2,27.7,
2026-08-16T14:30,23.9,54,23.7,0.0,0.0,,12.2,2,27.7,
2026-08-16T14:45,23.7,54,23.5,0.0,0.0,,11.9,1,27.0,
2026-08-16T15:00,23.5,54,23.0,0.0,0.0,,11.5,0,26.6,
2026-08-16T15:15,23.2,56,22.8,0.0,0.0,,11.2,360,26.3,
2026-08-16T15:30,22.7,59,22.5,0.0,0.0,,11.2,359,25.6,
2026-08-16T15:45,22.4,62,22.4,0.0,0.0,,10.8,359,24.8,
2026-08-16T16:00,22.3,62,22.3,0.0,0.0,,10.4,358,24.1,
2026-08-16T16:15,22.7,59,22.7,0.0,0.0,,10.1,357,23.8,
2026-08-16T16:30,23.4,53,23.3,0.0,0.0,,9.7,356,23.0,
2026-08-16T16:45,24.1,47,23.7,0.0,0.0,,9.4,354,23.0,
2026-08-16T17:00,24.5,43,23.7,0.0,0.0,,9.0,353,22.7,
2026-08-16T17:15,24.5,43,23.5,0.0,0.0,,9.4,355,22.7,
2026-08-16T17:30,24.2,45,23.3,0.0,0.0,,9.7,357,23.0,
2026-08-16T17:45,23.9,47,23.0,0.0,0.0,,10.1,358,23.4,
2026-08-16T18:00,23.6,49,22.8,0.0,0.0,,10.1,0,23.4,
2026-08-16T18:15,23.4,50,22.8,0.0,0.0,,9.4,1,23.8,
2026-08-16T18:30,23.3,50,22.8,0.0,0.0,,8.6,1,23.8,
2026-08-16T18:45,23.2,50,22.8,0.0,0.0,,7.6,2,24.1,
2026-08-16T19:00,23.1,50,22.8,0.0,0.0,,6.8,2,23.4,
2026-08-16T19:15,23.0,50,22.7,0.0,0.0,,6.5,5,22.0,
2026-08-16T19:30,23.0,50,22.7,0.0,0.0,,6.1,7,19.8,
2026-08-16T19:45,22.9,50,22.6,0.0,0.0,,6.1,10,17.6,
2026-08-16T20:00,22.8,50,22.5,0.0,0.0,,5.8,12,15.8,
2026-08-16T20:15,22.6,51,22.4,0.0,0.0,,5.8,10,14.8,
2026-08-16T20:30,22.5,52,22.3,0.0,0.0,,5.4,7,13.7,
2026-08-16T20:45,22.3,53,22.2,0.0,0.0,,5.4,5,13.0,
2026-08-16T21:30,21.4,57,21.7,0.0,0.0,1,3.6,26,10.8,1015.7
2026-08-16T21:45,21.1,59,21.5,0.0,0.0,0,2.9,37,10.1,1015.8
2026-08-16T22:15,20.5,61,21.0,0.0,0.0,3,2.5,68,7.9,1016.0
2026-08-16T22:45,20.1,63,20.6,0.0,0.0,1,2.5,127,6.8,1016.1
2026-08-16T23:15,19.8,64,20.3,0.0,0.0,1,2.5,132,5.4,1016.0
2026-08-16T21:00,21.7,58,21.8,0.0,0.0,,6.1,61,16.2,
2026-08-16T21:15,21.5,59,21.7,0.0,0.0,,5.4,72,15.1,
2026-08-16T23:45,19.5,65,19.9,0.0,0.0,3,3.6,125,4.3,1015.7
2026-08-17T00:15,19.4,59,18.9,0.0,0.0,2,5.4,162,7.9,1015.6
2026-08-16T22:00,20.6,59,20.8,0.0,0.0,,3.6,82,7.6,
2026-08-16T22:30,19.8,60,19.7,0.0,0.0,,4.0,146,4.7,
2026-08-17T01:15,18.9,63,18.7,0.0,0.0,3,5.0,171,10.4,1015.4
2026-08-17T01:30,18.9,63,18.8,0.0,0.0,3,4.3,185,9.4,1015.3
2026-08-16T23:00,19.5,61,19.5,0.0,0.0,,3.6,154,5.4,
2026-08-16T23:30,19.2,62,18.9,0.0,0.0,,5.8,158,8.3,
2026-08-17T01:45,18.9,63,18.9,0.0,0.0,3,3.6,198,8.6,1015.2
2026-08-17T03:30,18.9,64,18.3,0.2,0.2,53,7.9,289,16.6,1015.3
2026-08-17T00:00,19.0,60,18.4,0.0,0.0,,6.1,134,7.9,
2026-08-17T00:30,19.0,59,18.2,0.0,0.0,,6.8,147,9.0,
2026-08-17T00:45,19.0,59,18.2,0.0,0.0,,7.2,154,9.7,
2026-08-17T01:00,19.1,59,18.3,0.0,0.0,,7.2,160,10.4,
2026-08-17T04:45,17.5,87,18.5,1.0,1.0,63,5.8,220,10.4,1014.4
2026-08-17T02:00,18.9,62,18.0,0.0,0.0,,9.4,147,14.0,
2026-08-17T02:15,18.9,61,18.0,0.0,0.0,,8.3,175,14.4,
2026-08-17T02:30,18.9,60,18.2,0.0,0.0,,6.5,204,14.4,
2026-08-17T02:45,18.8,60,18.4,0.0,0.0,,4.7,232,14.4,
2026-08-17T03:00,19.1,59,18.6,0.0,0.0,,5.0,225,10.1,
2026-08-17T03:15,19.0,62,18.8,0.1,0.1,,4.3,202,9.7,
2026-08-17T03:45,18.6,72,19.2,0.1,0.1,,3.6,156,10.4,
2026-08-17T06:30,17.1,94,17.8,0.0,0.0,3,9.4,214,20.2,1014.0
2026-08-17T07:15,17.1,93,18.1,0.0,0.0,3,6.8,211,17.6,1014.0
2026-08-17T04:00,17.6,88,18.1,0.1,0.1,,10.1,219,15.8,
2026-08-17T04:15,17.5,92,18.2,1.1,1.1,,9.7,217,16.2,
2026-08-17T04:30,17.4,94,18.3,1.1,1.1,,9.0,214,16.2,
2026-08-17T05:00,17.3,96,18.5,1.1,1.1,,7.6,209,16.2,
2026-08-17T05:15,17.2,96,18.3,0.3,0.3,,8.3,211,17.3,
2026-08-17T07:45,17.6,95,18.9,0.0,0.0,3,7.9,213,15.5,1014.2
2026-08-17T05:30,17.0,93,17.9,0.3,0.3,,7.6,210,15.5,
2026-08-17T05:45,16.9,94,18.0,0.3,0.3,,6.8,217,16.6,
2026-08-17T06:00,16.9,95,18.0,0.3,0.3,,6.5,224,17.3,
2026-08-17T09:00,18.1,93,19.9,0.0,0.0,3,4.3,178,7.9,1014.3
2026-08-17T06:15,17.3,94,18.9,0.0,0.0,,4.3,165,8.3,
2026-08-17T06:45,17.4,95,19.2,0.0,0.0,,2.9,168,10.4,
2026-08-17T07:00,17.4,95,19.4,0.0,0.0,,2.2,169,10.8,
2026-08-17T09:45,18.9,89,21.0,0.0,0.0,3,2.2,82,8.6,1014.6
2026-08-17T10:45,19.1,79,20.7,0.0,0.0,3,1.4,165,6.5,1014.7
2026-08-17T07:30,16.8,93,17.7,0.0,0.0,,6.5,206,12.6,
2026-08-17T08:00,16.9,91,17.9,0.0,0.0,,5.8,196,13.0,
2026-08-17T08:15,17.0,90,18.1,0.0,0.0,,5.0,197,12.6,
2026-08-17T08:30,17.1,90,18.5,0.0,0.0,,3.6,199,12.2,
2026-08-17T08:45,17.3,90,18.8,0.0,0.0,,2.5,200,11.5,
2026-08-17T11:30,19.7,87,22.0,0.0,0.0,3,2.9,77,10.1,1014.8
2026-08-17T12:15,20.3,84,22.7,0.0,0.0,3,2.2,40,9.4,1015.1
2026-08-17T13:00,20.1,81,22.1,0.0,0.0,3,2.2,9,9.7,1015.3
2026-08-17T13:15,20.3,81,22.4,0.0,0.0,3,2.9,14,10.8,1015.4
2026-08-17T09:15,18.2,92,20.1,0.0,0.0,,3.6,129,7.2,
2026-08-17T09:30,18.2,91,20.1,0.0,0.0,,3.2,107,7.6,
2026-08-17T10:00,18.3,89,20.1,0.0,0.0,,3.2,62,8.3,
2026-08-17T10:15,18.5,89,20.3,0.0,0.0,,3.2,73,9.0,
2026-08-17T10:30,18.7,88,20.6,0.0,0.0,,3.2,83,9.7,
2026-08-17T11:00,19.2,88,21.2,0.0,0.0,,3.2,104,10.8,
2026-08-17T11:15,19.3,87,21.4,0.0,0.0,,3.2,91,10.8,
2026-08-17T11:45,21.1,80,22.8,0.0,0.0,,6.8,287,15.8,
2026-08-17T14:30,22.6,69,23.3,0.0,0.0,1,11.5,0,25.2,1015.8
2026-08-17T12:00,21.4,78,23.0,0.0,0.0,,6.8,294,16.2,
2026-08-17T12:30,21.9,76,23.7,0.0,0.0,,6.1,331,16.2,
2026-08-17T15:15,22.5,69,23.1,0.0,0.0,1,11.5,5,25.2,1015.8
2026-08-17T16:00,22.2,69,22.6,0.0,0.0,2,12.2,12,25.2,1015.7
2026-08-17T16:30,21.6,70,22.1,0.0,0.0,3,11.2,20,25.6,1015.7
2026-08-17T12:45,22.1,75,23.9,0.0,0.0,,5.8,349,16.2,
2026-08-17T13:30,22.5,71,23.7,0.0,0.0,,8.6,2,20.5,
2026-08-17T13:45,22.5,70,23.4,0.0,0.0,,10.4,360,22.7,
2026-08-17T14:00,22.6,69,23.2,0.0,0.0,,11.5,357,24.1,
2026-08-17T14:15,22.6,69,23.7,0.0,0.0,,11.9,359,24.8,
2026-08-17T14:45,22.6,69,24.5,0.0,0.0,,11.2,2,25.2,
2026-08-17T17:00,20.9,71,21.3,0.0,0.0,3,9.7,28,25.2,1015.7
2026-08-17T17:30,20.6,72,21.0,0.0,0.0,3,9.4,23,22.0,1015.6
2026-08-17T15:00,22.6,69,24.4,0.0,0.0,,11.2,3,25.2,
2026-08-17T15:30,22.5,69,23.8,0.0,0.0,,11.9,8,25.2,
2026-08-17T17:45,20.5,72,20.9,0.0,0.0,3,9.4,20,20.2,1015.5
2026-08-17T18:30,20.1,73,20.8,0.0,0.0,3,6.8,36,18.4,1015.3
2026-08-17T19:00,19.9,74,21.0,0.0,0.0,3,4.7,54,17.6,1015.2
2026-08-17T15:45,22.4,69,23.5,0.0,0.0,,12.2,10,25.2,
2026-08-17T16:15,21.9,69,22.6,0.0,0.0,,11.9,16,25.2,
2026-08-17T16:45,21.2,71,21.6,0.0,0.0,,10.4,24,25.6,
2026-08-17T19:30,20.2,73,21.1,0.0,0.0,3,5.8,71,14.0,1015.2
2026-08-17T17:15,21.9,67,22.3,0.0,0.0,,10.1,25,23.8,
2026-08-17T20:00,20.1,73,21.2,0.0,0.0,3,4.3,87,10.1,1015.2
2026-08-17T18:00,21.1,69,21.7,0.0,0.0,,7.6,17,18.7,
2026-08-17T18:15,20.9,70,21.5,0.0,0.0,,7.6,26,18.4,
2026-08-17T21:00,19.8,74,20.7,0.0,0.0,3,5.4,109,8.6,1015.1
2026-08-17T21:30,19.5,76,20.2,0.0,0.0,3,6.5,108,9.0,1015.2
2026-08-17T22:00,19.2,77,19.8,0.0,0.0,3,7.6,106,9.7,1015.2
2026-08-17T18:45,20.5,72,21.2,0.0,0.0,,7.6,45,18.4,
2026-08-17T19:15,20.3,73,21.1,0.0,0.0,,6.8,62,16.2,
2026-08-17T19:45,20.2,73,21.2,0.0,0.0,,5.0,79,11.5,
2026-08-17T20:15,20.1,73,21.1,0.0,0.0,,4.3,93,9.4,
2026-08-17T20:30,20.0,73,21.0,0.0,0.0,,4.7,98,9.0,
2026-08-17T20:45,19.9,74,20.8,0.0,0.0,,5.0,104,8.6,
2026-08-17T23:00,18.9,77,19.4,0.0,0.0,3,7.9,137,11.9,1015.1
2026-08-17T23:30,19.2,75,19.4,0.0,0.0,3,9.0,149,13.3,1014.9
2026-08-17T21:15,19.6,75,20.5,0.0,0.0,,5.8,108,8.6,
2026-08-17T23:45,19.3,74,19.5,0.0,0.0,3,9.4,155,14.0,1014.8
2026-08-18T00:30,19.8,82,20.7,0.0,0.0,3,9.4,171,14.8,1014.4
2026-08-17T21:45,19.3,76,19.9,0.0,0.0,,7.2,107,9.4,
2026-08-17T22:15,19.1,77,19.6,0.0,0.0,,7.9,114,10.1,
2026-08-17T22:30,19.0,77,19.4,0.0,0.0,,7.9,122,10.8,
2026-08-18T00:45,19.9,86,21.3,0.0,0.0,3,9.4,176,14.8,1014.3
2026-08-17T22:45,18.9,77,19.4,0.0,0.0,,7.9,129,11.2,
2026-08-17T23:15,19.0,76,19.4,0.0,0.0,,8.3,143,12.6,
2026-08-18T01:45,20.1,89,21.5,0.0,0.0,3,11.2,192,14.8,1014.1
2026-08-18T03:00,18.3,95,19.1,0.0,0.0,3,12.6,206,22.0,1013.2
2026-08-18T04:15,18.5,94,19.1,0.0,0.0,3,14.4,215,25.2,1012.3
2026-08-18T00:00,18.8,83,19.5,0.0,0.0,,9.0,156,16.6,
2026-08-18T00:15,18.5,85,19.3,0.0,0.0,,8.6,164,15.8,
2026-08-18T01:00,17.7,93,19.0,0.0,0.0,,6.8,187,12.6,
2026-08-18T01:15,17.7,94,19.0,0.0,0.0,,7.2,191,13.3,
2026-08-18T01:30,17.8,95,19.1,0.0,0.0,,7.9,195,14.4,
2026-08-18T02:00,17.9,95,19.1,0.0,0.0,,9.4,203,16.9,
2026-08-18T02:15,18.0,95,19.1,0.0,0.0,,9.7,204,17.3,
2026-08-18T05:15,18.7,95,19.4,0.0,0.0,3,14.4,217,25.6,1011.6
2026-08-18T02:30,19.6,89,20.5,0.0,0.0,,12.6,206,25.2,
2026-08-18T02:45,19.3,90,20.3,0.0,0.0,,12.2,205,24.8,
2026-08-18T03:15,19.0,92,20.1,0.0,0.0,,11.9,205,24.1,
2026-08-18T06:00,18.7,95,19.3,0.0,0.0,3,15.5,230,27.4,1011.5
2026-08-18T06:45,19.3,88,19.2,0.0,0.0,3,18.0,250,32.0,1011.4
2026-08-18T03:30,18.9,93,19.9,0.0,0.0,,12.2,206,23.8,
2026-08-18T03:45,18.8,93,19.7,0.0,0.0,,12.6,207,23.0,
2026-08-18T04:00,18.7,94,19.6,0.0,0.0,,13.0,208,23.0,
2026-08-18T04:30,18.6,95,19.5,0.0,0.0,,13.3,211,23.8,
2026-08-18T04:45,18.7,95,19.5,0.0,0.0,,13.7,212,24.5,
2026-08-18T07:15,19.6,83,19.3,0.0,0.0,3,18.0,258,33.5,1011.4
2026-08-18T07:45,19.8,78,19.4,0.0,0.0,3,16.6,260,32.8,1011.6
2026-08-18T08:30,18.9,84,18.6,0.1,0.8,51,16.9,258,35.6,1011.6
2026-08-18T05:00,18.7,96,19.7,0.0,0.0,,13.3,213,25.2,
2026-08-18T05:30,18.7,96,19.5,0.0,0.0,,14.4,222,25.9,
2026-08-18T05:45,18.7,96,19.3,0.0,0.0,,15.5,226,26.6,
2026-08-18T06:15,18.9,94,19.2,0.0,0.0,,17.3,237,28.8,
2026-08-18T06:30,19.1,92,19.3,0.0,0.0,,18.4,244,30.2,
2026-08-18T09:15,17.9,93,17.7,1.0,0.0,63,17.6,254,37.1,1011.6
2026-08-18T07:00,19.5,87,19.3,0.0,0.0,,19.4,257,33.1,
2026-08-18T10:00,18.1,92,18.2,1.0,0.0,63,16.2,252,33.1,1011.8
2026-08-18T07:30,19.8,81,19.4,0.0,0.0,,17.6,259,33.1,
2026-08-18T08:00,19.7,77,19.3,0.0,0.0,,15.8,261,33.1,
2026-08-18T10:45,18.8,91,18.8,0.0,0.0,3,17.6,254,31.0,1011.9
2026-08-18T08:15,19.4,79,19.0,0.1,0.8,,16.2,259,34.2,
2026-08-18T08:45,18.4,89,18.2,0.1,0.8,,17.6,256,37.1,
2026-08-18T11:15,19.2,90,19.3,0.0,0.0,3,17.6,255,30.2,1011.9
2026-08-18T09:00,18.1,92,17.8,0.1,0.8,,18.0,254,37.8,
2026-08-18T09:30,17.9,93,17.8,1.0,0.0,,17.3,253,36.0,
2026-08-18T09:45,18.0,92,18.0,1.0,0.0,,16.6,253,34.2,
2026-08-18T12:30,19.8,87,20.3,0.0,0.0,3,15.5,256,29.5,1011.8
2026-08-18T13:00,20.0,87,20.5,0.0,0.0,3,15.8,254,29.2,1011.6
2026-08-18T10:15,18.3,92,18.3,0.0,0.0,,16.6,253,32.4,
2026-08-18T10:30,18.5,92,18.6,0.0,0.0,,17.3,253,31.7,
2026-08-18T11:00,19.0,91,19.0,0.0,0.0,,18.0,254,30.6,
2026-08-18T11:30,19.3,91,19.8,0.0,0.0,,16.2,256,32.4,
2026-08-18T11:45,19.5,91,20.1,0.0,0.0,,15.5,256,32.0,
2026-08-18T12:00,19.4,93,20.2,0.0,0.0,,15.5,258,28.4,
2026-08-18T12:15,19.6,93,20.4,0.0,0.0,,15.5,257,28.1,
2026-08-18T12:45,19.9,91,20.7,0.0,0.0,,15.5,256,28.4,
2026-08-18T15:45,22.2,80,23.5,0.0,0.0,3,13.0,255,26.6,1009.9
2026-08-18T13:15,20.3,87,21.6,0.0,0.0,,11.5,241,22.3,
2026-08-18T13:30,20.8,86,22.1,0.0,0.0,,12.6,242,24.1,
2026-08-18T13:45,21.3,84,22.5,0.0,0.0,,13.3,242,25.9,
2026-08-18T14:00,21.6,83,22.7,0.0,0.0,,14.0,242,27.4,
2026-08-18T16:30,22.3,82,23.4,0.0,0.0,3,15.8,255,29.2,1009.5
2026-08-18T14:15,21.7,83,22.9,0.0,0.0,,13.7,246,27.7,
2026-08-18T14:30,21.6,84,22.9,0.0,0.0,,13.3,249,27.7,
2026-08-18T17:00,22.2,85,23.4,0.0,0.0,3,16.6,236,36.4,1009.1
2026-08-18T14:45,22.2,79,23.1,0.0,0.0,,15.1,256,29.5,
2026-08-18T15:00,22.6,78,23.6,0.0,0.0,,14.8,256,29.5,
2026-08-18T17:45,22.2,87,23.8,0.0,0.0,3,15.1,249,30.2,1008.9
2026-08-18T18:15,22.1,87,23.6,0.0,0.0,3,15.1,247,29.5,1008.8
2026-08-18T15:15,21.9,83,23.2,0.0,0.0,,13.3,245,26.6,
2026-08-18T15:30,22.1,83,23.4,0.0,0.0,,14.0,245,27.7,
2026-08-18T16:00,22.3,83,23.5,0.0,0.0,,15.5,246,29.5,
2026-08-18T16:15,22.3,83,23.5,0.0,0.0,,15.8,247,30.2,
2026-08-18T18:45,21.6,90,23.6,0.0,0.0,3,12.2,253,27.4,1008.7
2026-08-18T16:45,21.8,87,22.8,0.0,0.0,,18.0,242,33.1,
2026-08-18T19:30,21.5,88,23.2,0.0,0.0,3,13.3,248,24.8,1008.6
2026-08-18T17:15,21.6,90,22.8,0.0,0.0,,18.0,244,36.0,
2026-08-18T17:30,21.6,91,23.1,0.0,0.0,,16.2,246,36.4,
2026-08-18T20:00,21.1,85,21.6,0.0,0.0,3,18.4,243,34.9,1008.6
2026-08-18T20:45,21.1,87,21.9,0.0,0.0,3,17.6,235,32.0,1008.6
2026-08-18T18:00,22.3,86,23.9,0.0,0.0,,15.1,237,28.1,
2026-08-18T18:30,22.2,86,23.8,0.0,0.0,,15.1,236,28.4,
2026-08-18T21:15,20.8,89,21.5,0.0,0.0,3,18.0,238,32.4,1009.1
2026-08-18T21:45,20.2,90,20.9,0.0,0.0,3,16.9,236,31.0,1009.0
2026-08-18T22:15,19.9,90,20.5,0.0,0.0,3,16.9,236,31.0,1009.0
2026-08-18T19:00,21.9,89,23.8,0.0,0.0,,13.0,248,23.0,
2026-08-18T19:15,21.8,89,23.7,0.0,0.0,,13.0,246,23.4,
2026-08-18T19:45,21.6,87,23.1,0.0,0.0,,14.0,241,25.2,
2026-08-18T20:15,21.3,87,22.4,0.0,0.0,,15.5,238,27.4,
2026-08-18T22:45,19.6,93,20.2,0.0,0.0,3,16.9,238,33.8,1009.1
2026-08-18T20:30,21.1,86,21.6,0.0,0.0,,18.7,238,34.9,
2026-08-18T23:15,19.3,93,19.8,0.0,0.0,3,16.9,241,33.1,1009.1
2026-08-18T21:00,20.8,88,21.3,0.0,0.0,,19.1,237,35.3,
2026-08-18T23:45,20.0,90,20.7,0.0,0.0,3,16.2,246,29.5,1009.0
2026-08-19T00:15,19.8,90,20.4,0.0,0.0,3,15.8,243,29.2,1008.8
2026-08-18T21:30,20.9,88,21.5,0.0,0.0,,19.1,237,34.9,
2026-08-18T22:00,20.7,89,21.4,0.0,0.0,,17.6,247,35.3,
2026-08-19T00:45,19.3,90,20.3,0.0,0.0,3,11.5,235,26.3,1008.6
2026-08-19T01:15,19.2,90,20.2,0.0,0.0,3,11.5,234,24.5,1008.4
2026-08-18T22:30,19.9,90,20.4,0.0,0.0,,17.3,229,31.3,
2026-08-18T23:00,19.7,90,20.2,0.0,0.0,,16.6,231,31.7,
2026-08-19T01:45,19.3,89,20.0,0.0,0.0,2,14.0,227,28.4,1008.2
2026-08-19T03:00,19.4,88,19.5,0.0,0.0,3,16.9,233,31.7,1007.6
2026-08-18T23:30,19.8,91,20.5,0.0,0.0,,16.6,234,29.9,
2026-08-19T00:00,20.0,90,20.9,0.0,0.0,,14.8,239,27.7,
2026-08-19T00:30,19.9,90,20.9,0.0,0.0,,13.7,230,27.7,
2026-08-19T01:00,19.7,90,20.6,0.0,0.0,,13.3,221,27.7,
2026-08-19T04:30,19.0,89,19.4,0.0,0.0,3,15.1,229,28.4,1006.5
2026-08-19T01:30,19.1,90,20.1,0.0,0.0,,10.8,229,19.8,
2026-08-19T02:00,19.0,90,19.9,0.0,0.0,,12.2,228,22.3,
2026-08-19T02:15,19.0,90,19.8,0.0,0.0,,13.0,229,23.8,
2026-08-19T02:30,19.1,90,19.7,0.0,0.0,,14.0,230,25.6,
2026-08-19T05:15,19.0,90,19.2,0.0,0.0,3,16.6,225,30.2,1006.2
2026-08-19T02:45,18.9,90,19.7,0.0,0.0,,12.6,221,25.9,
2026-08-19T03:15,18.8,90,19.6,0.0,0.0,,12.2,220,25.2,
2026-08-19T03:30,18.8,90,19.6,0.0,0.0,,12.2,219,24.5,
2026-08-19T06:00,19.1,90,19.7,0.0,0.0,3,14.4,238,28.8,1005.9
2026-08-19T03:45,19.1,89,19.6,0.0,0.0,,13.7,223,25.9,
2026-08-19T04:00,19.0,89,19.6,0.0,0.0,,13.7,225,25.6,
2026-08-19T04:15,19.0,89,19.5,0.0,0.0,,13.7,224,25.6,
2026-08-19T04:45,18.8,89,19.2,0.0,0.0,,14.0,221,25.9,
2026-08-19T07:15,18.8,87,18.9,0.0,0.0,3,15.1,246,32.8,1006.0
2026-08-19T07:45,18.9,79,18.3,0.0,0.0,3,16.6,239,31.0,1006.2
2026-08-19T08:30,18.5,84,18.1,0.0,0.0,3,16.2,249,29.2,1006.2
2026-08-19T05:00,18.9,89,19.1,0.0,0.0,,16.2,205,29.2,
2026-08-19T05:30,19.0,89,19.4,0.0,0.0,,15.1,217,27.4,
2026-08-19T05:45,19.1,89,19.6,0.0,0.0,,14.4,222,25.9,
2026-08-19T06:15,19.1,90,19.8,0.0,0.0,,13.3,225,24.8,
2026-08-19T06:30,19.0,92,19.8,0.0,0.0,,13.0,223,24.8,
2026-08-19T09:15,18.3,85,18.0,0.0,0.0,3,15.8,261,29.5,1006.1
2026-08-19T06:45,18.9,93,19.8,0.0,0.0,,13.0,220,24.8,
2026-08-19T07:00,18.8,93,19.7,0.0,0.0,,13.0,217,25.2,
2026-08-19T10:00,17.6,89,18.0,0.0,0.0,3,10.8,252,22.7,1005.9
2026-08-19T07:30,18.7,85,18.6,0.0,0.0,,14.8,246,25.9,
2026-08-19T08:00,18.5,82,18.1,0.0,0.0,,14.8,243,26.3,
2026-08-19T10:45,18.9,77,18.8,0.0,0.0,3,11.5,265,22.7,1005.5
2026-08-19T08:15,18.6,76,17.8,0.0,0.0,,15.5,242,29.5,
2026-08-19T08:45,18.4,79,17.9,0.0,0.0,,14.4,245,29.5,
2026-08-19T11:30,18.9,78,19.1,0.0,0.0,3,10.1,261,22.3,1005.3
2026-08-19T09:00,18.4,80,17.9,0.0,0.0,,14.0,246,29.2,
2026-08-19T09:30,18.4,80,18.2,0.0,0.0,,12.6,250,27.4,
2026-08-19T12:00,18.2,87,19.1,0.0,0.0,3,8.3,208,17.3,1005.3
2026-08-19T12:45,17.1,95,18.4,0.1,0.1,51,6.1,288,19.1,1005.4
2026-08-19T13:15,17.1,95,18.1,0.2,0.2,53,7.9,289,22.0,1005.1
2026-08-19T09:45,17.6,89,18.3,0.0,0.0,,9.0,259,19.1,
2026-08-19T10:15,17.8,87,18.6,0.0,0.0,,7.9,258,16.9,
2026-08-19T10:30,18.2,83,18.7,0.0,0.0,,9.0,258,18.4,
2026-08-19T11:00,18.9,77,18.9,0.0,0.0,,10.8,257,21.2,
2026-08-19T11:15,19.0,77,19.1,0.0,0.0,,10.4,254,21.6,
2026-08-19T11:45,18.7,78,19.1,0.0,0.0,,8.6,248,22.0,
2026-08-19T15:30,17.6,91,18.6,0.1,0.1,51,7.6,273,19.1,1003.6
2026-08-19T16:15,17.0,89,18.0,0.2,0.2,53,4.7,230,8.6,1003.1
2026-08-19T17:00,17.4,91,18.7,0.0,0.0,3,5.0,261,11.2,1002.7
2026-08-19T12:15,18.0,88,19.1,0.0,0.0,,6.8,227,13.7,
2026-08-19T12:30,17.7,91,19.0,0.0,0.0,,5.8,254,12.2,
2026-08-19T13:00,17.2,94,18.7,0.0,0.0,,5.0,306,10.8,
2026-08-19T13:30,17.5,95,18.9,0.2,0.2,,6.5,260,13.3,
2026-08-19T13:45,17.7,94,19.0,0.2,0.2,,7.2,236,14.8,
2026-08-19T14:00,17.8,94,19.1,0.2,0.2,,7.9,213,16.2,
2026-08-19T14:15,17.7,94,18.9,0.5,0.5,,7.9,224,16.9,
2026-08-19T14:30,17.4,93,18.5,0.5,0.5,,7.6,236,17.3,
2026-08-19T14:45,17.1,92,18.1,0.5,0.5,,6.8,247,17.6,
2026-08-19T15:00,17.0,92,18.0,0.5,0.5,,6.5,258,17.6,
2026-08-19T15:15,17.8,93,19.7,0.1,0.1,,3.2,285,10.1,
2026-08-19T15:45,17.8,90,19.2,0.1,0.1,,4.7,308,11.2,
2026-08-19T18:15,17.4,94,18.9,0.0,0.0,3,5.0,207,10.8,1002.8
2026-08-19T18:45,17.0,94,18.2,0.0,0.0,3,5.8,201,10.4,1002.9
2026-08-19T19:15,17.2,94,18.4,0.0,0.0,2,6.5,190,11.5,1003.0
2026-08-19T19:45,18.3,90,19.3,0.0,0.0,1,9.4,229,18.4,1003.1
2026-08-19T16:00,17.1,90,18.7,0.1,0.1,,2.2,212,6.5,
2026-08-19T16:30,17.1,91,18.7,0.1,0.1,,2.5,223,6.5,
2026-08-19T16:45,17.2,92,18.8,0.1,0.1,,3.2,229,6.8,
2026-08-19T17:15,17.3,93,18.8,0.0,0.0,,4.3,233,8.6,
2026-08-19T17:30,17.4,93,18.8,0.0,0.0,,5.0,232,9.7,
2026-08-19T17:45,17.5,92,18.8,0.0,0.0,,5.8,230,11.2,
2026-08-19T20:30,18.3,91,19.3,0.0,0.0,2,9.0,224,17.6,1003.3
2026-08-19T18:00,17.5,92,18.7,0.0,0.0,,6.5,229,12.2,
2026-08-19T18:30,17.7,92,18.7,0.0,0.0,,7.9,231,14.4,
2026-08-19T21:00,17.3,96,18.2,0.0,0.0,0,9.4,217,17.6,1003.7
2026-08-19T19:00,17.4,94,18.1,0.0,0.0,,10.4,173,20.5,
2026-08-19T21:30,17.0,96,17.8,0.0,0.0,1,10.1,218,18.4,1003.9
2026-08-19T19:30,17.7,94,18.5,0.0,0.0,,10.4,190,13.7,
2026-08-19T21:45,16.9,95,17.5,0.0,0.0,2,10.8,212,23.4,1003.9
2026-08-19T20:00,17.9,95,19.0,0.0,0.0,,9.7,192,15.8,
2026-08-19T22:30,17.3,92,17.4,0.0,0.0,0,13.3,207,24.1,1004.0
2026-08-19T20:15,18.4,90,19.4,0.0,0.0,,9.7,213,18.0,
2026-08-19T23:00,16.9,93,16.9,0.0,0.0,0,13.3,204,23.8,1004.0
2026-08-19T23:30,16.4,95,16.4,0.0,0.0,0,13.0,199,22.3,1004.1
2026-08-19T20:45,17.6,94,18.5,0.0,0.0,,9.7,202,16.2,
2026-08-19T21:15,17.1,95,17.7,0.0,0.0,,10.8,199,17.3,
2026-08-19T22:00,16.8,95,16.9,0.0,0.0,,13.0,204,22.7,
2026-08-20T00:30,16.3,96,16.5,0.0,0.0,2,11.9,206,21.6,1004.4
2026-08-20T01:00,16.8,94,16.6,0.0,0.0,0,15.1,219,29.9,1004.5
2026-08-19T22:15,16.8,93,16.2,0.0,0.0,,17.6,200,28.4,
2026-08-19T22:45,16.7,94,16.3,0.0,0.0,,15.8,201,29.2,
2026-08-20T01:30,16.7,94,16.5,0.0,0.0,2,14.8,219,28.4,1004.6
2026-08-20T03:30,17.0,92,17.2,0.0,0.0,2,11.9,238,30.2,1004.8
2026-08-19T23:15,16.5,93,15.3,0.0,0.0,,20.2,198,29.5,
2026-08-19T23:45,16.3,94,15.1,0.0,0.0,,20.5,201,29.5,
2026-08-20T00:00,16.3,95,15.2,0.0,0.0,,20.5,202,29.9,
2026-08-20T00:15,16.4,95,15.2,0.0,0.0,,20.9,206,30.2,
2026-08-20T00:45,16.6,94,15.4,0.0,0.0,,21.2,213,31.3,
2026-08-20T01:15,16.7,94,15.8,0.0,0.0,,19.4,217,32.4,
2026-08-20T04:30,15.8,91,15.7,0.0,0.0,0,10.8,231,21.2,1004.8
2026-08-20T05:30,14.6,90,13.8,0.0,0.0,0,11.5,216,19.1,1004.7
2026-08-20T01:45,17.0,95,17.2,0.0,0.0,,13.3,217,22.0,
2026-08-20T02:00,17.0,95,17.5,0.0,0.0,,11.5,217,19.8,
2026-08-20T02:15,16.9,95,17.4,0.0,0.0,,11.2,214,19.4,
2026-08-20T02:30,16.7,96,17.0,0.0,0.0,,11.9,212,20.2,
2026-08-20T02:45,16.5,96,16.6,0.0,0.0,,12.6,209,21.2,
2026-08-20T03:00,16.3,96,16.4,0.0,0.0,,13.0,206,22.0,
2026-08-20T03:15,16.3,96,16.4,0.0,0.0,,12.6,212,22.7,
2026-08-20T06:15,15.2,95,15.1,0.9,0.9,63,10.1,215,22.0,1004.7
2026-08-20T07:00,15.9,96,16.7,0.9,0.9,63,7.2,200,20.5,1004.5
2026-08-20T03:45,16.0,96,16.4,0.0,0.0,,9.7,213,15.5,
2026-08-20T04:00,15.7,96,16.0,0.0,0.0,,9.0,209,14.0,
2026-08-20T04:15,15.5,96,15.9,0.0,0.0,,8.6,205,13.7,
2026-08-20T04:45,15.4,96,15.7,0.0,0.0,,9.4,198,15.1,
2026-08-20T05:00,15.4,96,15.6,0.0,0.0,,9.7,194,15.8,
2026-08-20T07:45,15.4,95,15.5,0.6,0.6,61,10.1,195,21.6,1004.6
2026-08-20T05:15,15.0,89,14.4,0.0,0.0,,11.2,215,18.7,
2026-08-20T05:45,14.5,91,13.6,0.0,0.0,,12.2,204,19.8,
2026-08-20T08:30,16.2,94,16.5,0.6,0.6,61,10.1,211,19.4,1005.1
2026-08-20T06:00,15.2,95,15.2,0.0,0.0,,9.7,199,15.8,
2026-08-20T06:30,15.3,96,15.5,1.1,1.1,,9.0,215,22.7,
2026-08-20T09:15,16.8,93,17.0,0.2,0.2,53,11.9,217,24.1,1005.1
2026-08-20T06:45,15.4,97,15.7,1.1,1.1,,9.0,222,26.6,
2026-08-20T07:15,15.5,97,15.9,0.3,0.3,,8.6,224,27.4,
2026-08-20T07:30,15.5,97,16.0,0.3,0.3,,8.3,219,24.5,
2026-08-20T10:00,16.6,94,16.3,0.1,0.1,51,15.1,188,28.4,1004.9
2026-08-20T08:00,15.4,93,15.4,1.2,1.2,,10.1,203,31.7,
2026-08-20T10:45,16.8,92,16.0,0.1,0.1,51,18.7,202,34.2,1005.0
2026-08-20T11:30,17.3,92,17.2,0.1,0.1,51,14.4,229,34.9,1005.1
2026-08-20T08:15,15.7,95,15.6,0.0,0.0,,12.2,201,20.5,
2026-08-20T08:45,16.5,93,16.6,0.0,0.0,,11.9,206,21.2,
2026-08-20T09:00,16.8,93,17.0,0.0,0.0,,11.9,209,22.7,
2026-08-20T09:30,16.9,93,17.1,0.1,0.1,,11.9,210,29.5,
2026-08-20T12:00,17.2,92,17.7,0.7,0.7,63,10.8,234,35.6,1005.2
2026-08-20T09:45,16.8,93,16.9,0.1,0.1,,12.2,210,33.1,
2026-08-20T12:45,19.1,77,18.2,0.0,0.0,3,17.3,234,37.8,1005.3
2026-08-20T10:15,16.9,93,16.3,0.1,0.1,,17.3,190,30.2,
2026-08-20T10:30,17.3,92,16.6,0.1,0.1,,18.4,196,32.8,
2026-08-20T13:15,18.6,79,17.6,0.1,0.1,51,18.4,248,40.0,1005.3
2026-08-20T11:00,18.1,88,17.4,0.1,0.1,,19.1,208,36.7,
2026-08-20T11:15,18.4,86,17.8,0.0,0.0,,18.4,213,36.7,
2026-08-20T13:45,16.9,90,16.3,0.6,0.6,61,15.8,240,42.1,1005.2
2026-08-20T11:45,17.3,93,17.6,0.1,0.1,,12.2,222,22.7,
2026-08-20T12:15,17.9,89,18.0,0.0,0.0,,13.3,232,24.8,
2026-08-20T12:30,18.4,84,17.9,0.0,0.0,,16.9,235,31.7,
2026-08-20T15:30,20.1,72,18.3,0.0,0.0,3,23.0,239,45.4,1005.4
2026-08-20T16:15,19.3,76,17.7,0.0,0.0,3,22.7,234,42.1,1005.3
2026-08-20T13:00,19.0,77,18.2,0.0,0.0,,16.6,230,31.0,
2026-08-20T13:30,19.1,77,18.2,0.0,0.0,,18.0,246,36.7,
2026-08-20T14:00,19.1,78,18.0,0.0,0.0,,19.1,261,40.7,
2026-08-20T14:15,19.2,78,18.1,0.0,0.0,,19.4,253,40.7,
2026-08-20T17:00,20.1,72,18.3,0.0,0.0,0,23.8,240,48.6,1005.3
2026-08-20T17:45,19.7,73,17.7,0.0,0.0,2,24.1,244,45.4,1005.4
2026-08-20T14:30,19.0,81,18.2,0.2,0.2,,18.4,233,34.9,
2026-08-20T14:45,20.1,75,18.9,0.2,0.2,,20.9,234,39.6,
2026-08-20T15:00,20.7,71,19.2,0.2,0.2,,22.7,235,43.2,
2026-08-20T15:15,20.8,70,19.2,0.0,0.0,,23.0,238,45.0,
2026-08-20T15:45,20.2,72,18.6,0.0,0.0,,22.3,245,45.7,
2026-08-20T18:30,19.2,76,17.4,0.0,0.0,1,23.0,243,45.0,1005.4
2026-08-20T16:00,20.0,72,18.4,0.0,0.0,,22.0,248,45.7,
2026-08-20T16:30,20.1,71,18.4,0.0,0.0,,22.7,245,45.4,
2026-08-20T19:00,19.2,76,17.4,0.0,0.0,2,23.4,247,42.8,1005.4
2026-08-20T19:45,18.4,79,16.9,0.0,0.0,0,20.9,242,42.8,1005.6
2026-08-20T20:15,17.9,81,16.5,0.0,0.0,0,19.4,241,40.7,1005.8
2026-08-20T21:00,17.2,85,16.4,0.0,0.0,2,15.5,229,35.3,1006.4
2026-08-20T21:45,16.5,87,15.9,0.0,0.0,0,13.3,228,27.4,1006.9
2026-08-20T22:15,16.0,89,15.6,0.0,0.0,1,12.2,235,23.8,1007.1
2026-08-20T22:45,15.5,89,15.0,0.0,0.0,0,11.5,208,21.2,1007.2
2026-08-20T16:45,20.2,72,18.2,0.0,0.0,,25.2,235,45.0,
2026-08-20T17:15,20.2,71,18.1,0.0,0.0,,25.6,238,46.4,
2026-08-20T17:30,20.1,72,18.1,0.0,0.0,,24.8,239,45.4,
2026-08-20T18:00,19.7,73,17.9,0.0,0.0,,23.4,241,43.6,
2026-08-20T18:15,19.7,73,17.8,0.0,0.0,,23.8,241,43.6,
2026-08-20T18:45,19.7,73,17.7,0.0,0.0,,24.8,240,44.6,
2026-08-20T19:15,19.4,75,17.5,0.0,0.0,,24.1,240,42.8,
2026-08-20T19:30,19.0,76,17.2,0.0,0.0,,23.0,240,40.3,
2026-08-20T20:00,18.3,79,16.9,0.0,0.0,,20.5,240,36.4,
2026-08-20T20:30,17.7,82,16.6,0.0,0.0,,18.0,237,36.4,
2026-08-20T20:45,17.3,84,16.4,0.0,0.0,,16.6,235,36.7,
2026-08-20T23:15,15.2,91,14.9,0.0,0.0,0,10.4,212,20.2,1007.4
2026-08-20T21:15,16.8,86,16.1,0.0,0.0,,14.4,232,34.6,
2026-08-20T23:45,15.7,91,15.1,0.0,0.0,0,13.3,221,26.3,1007.5
2026-08-21T00:15,15.5,91,15.4,0.0,0.0,1,10.1,205,25.9,1007.5
2026-08-20T21:30,16.9,86,16.4,0.0,0.0,,13.7,220,27.4,
2026-08-20T22:00,16.5,87,16.1,0.0,0.0,,12.6,219,27.7,
2026-08-21T00:45,14.9,93,15.4,0.0,0.0,1,4.7,180,12.2,1007.6
2026-08-20T22:30,15.8,89,15.6,0.0,0.0,,9.7,249,20.5,
2026-08-21T01:15,14.3,95,14.6,0.0,0.0,0,5.8,175,9.0,1007.6
2026-08-21T01:45,14.5,91,14.1,0.0,0.0,1,9.4,251,19.1,1007.6
2026-08-20T23:00,15.4,89,14.6,0.0,0.0,,13.0,203,19.8,
2026-08-20T23:30,15.1,91,14.7,0.0,0.0,,11.2,219,21.6,
2026-08-21T00:00,15.5,91,14.9,0.0,0.0,,12.6,230,21.2,
2026-08-21T00:30,15.4,89,15.6,0.0,0.0,,6.8,182,22.7,
2026-08-21T01:00,15.3,88,16.2,0.0,0.0,,1.1,134,23.4,
2026-08-21T01:30,14.4,93,14.5,0.0,0.0,,6.8,205,10.4,
2026-08-21T02:00,14.3,92,13.9,0.0,0.0,,9.4,239,14.8,
2026-08-21T02:15,14.3,92,13.9,0.0,0.0,,9.4,234,15.5,
2026-08-21T02:30,14.3,93,14.0,0.0,0.0,,9.4,230,15.8,
2026-08-21T05:30,13.5,94,13.3,0.0,0.0,3,6.8,230,10.8,1008.2
2026-08-21T06:15,13.4,97,13.8,0.0,0.0,3,3.6,205,14.0,1008.4
2026-08-21T07:00,14.2,98,14.5,1.0,1.0,63,6.1,143,7.9,1008.6
2026-08-21T02:45,14.0,95,13.9,0.0,0.0,,7.6,190,11.5,
2026-08-21T03:00,13.8,96,13.8,0.0,0.0,,7.2,173,10.8,
2026-08-21T03:15,13.6,96,13.4,0.0,0.0,,7.9,176,11.5,
2026-08-21T03:30,13.3,95,12.8,0.0,0.0,,9.0,179,12.6,
2026-08-21T03:45,13.1,94,12.2,0.0,0.0,,10.4,182,14.0,
2026-08-21T04:00,12.9,94,12.0,0.0,0.0,,10.4,185,15.1,
2026-08-21T04:15,12.9,94,12.2,0.0,0.0,,9.0,225,15.5,
2026-08-21T04:30,12.9,94,12.5,0.0,0.0,,6.8,265,15.8,
2026-08-21T04:45,13.0,95,13.0,0.0,0.0,,4.7,305,15.8,
2026-08-21T05:00,13.0,95,13.3,0.0,0.0,,2.9,345,15.1,
2026-08-21T07:45,13.7,95,13.6,0.0,0.0,2,6.5,244,6.5,1008.4
2026-08-21T05:15,13.3,95,13.4,0.0,0.0,,5.0,211,8.3,
2026-08-21T05:45,13.4,95,13.5,0.0,0.0,,5.4,228,8.6,
2026-08-21T08:30,15.4,92,16.5,0.0,0.0,2,1.8,212,4.3,1009.1
2026-08-21T09:15,17.0,86,18.0,0.0,0.0,1,3.6,238,8.3,1009.5
2026-08-21T10:00,16.8,88,17.2,0.0,0.0,3,8.3,11,17.3,1009.9
2026-08-21T10:45,16.3,91,17.6,0.1,0.1,51,2.2,286,9.0,1010.2
2026-08-21T11:30,17.3,83,17.8,0.4,0.4,61,6.1,330,21.6,1010.6
2026-08-21T12:00,18.4,78,18.6,0.4,0.4,61,8.6,15,19.1,1010.8
2026-08-21T06:00,13.6,97,14.2,0.0,0.0,,2.2,160,2.9,
2026-08-21T06:30,14.0,97,14.8,0.0,0.0,,2.5,146,3.2,
2026-08-21T06:45,14.3,97,15.1,0.0,0.0,,2.9,138,4.3,
2026-08-21T07:15,14.3,96,14.8,0.0,0.0,,4.7,156,6.1,
2026-08-21T07:30,14.0,95,14.0,0.0,0.0,,6.5,181,7.6,
2026-08-21T08:00,13.8,93,13.5,0.0,0.0,,8.3,231,9.0,
2026-08-21T08:15,14.3,92,14.2,1.2,1.2,,7.2,224,7.9,
2026-08-21T08:45,15.9,89,16.8,1.2,1.2,,2.5,209,4.7,
2026-08-21T09:00,16.5,87,17.7,1.2,1.2,,1.8,201,4.7,
2026-08-21T09:30,17.5,80,17.9,0.0,0.0,,5.8,278,11.9,
2026-08-21T09:45,17.8,77,17.8,0.0,0.0,,8.3,317,16.6,
2026-08-21T12:45,16.0,89,16.4,0.8,0.8,63,6.1,354,27.7,1011.0
2026-08-21T13:15,15.2,94,15.8,0.4,0.4,61,5.4,8,26.3,1011.0
2026-08-21T10:15,16.7,87,16.9,0.0,0.0,,8.6,36,18.4,
2026-08-21T10:30,16.6,86,16.9,0.0,0.0,,7.9,45,18.7,
2026-08-21T11:00,16.7,83,16.9,0.0,0.0,,6.5,64,18.4,
2026-08-21T11:15,17.1,81,17.4,0.0,0.0,,6.5,60,17.6,
2026-08-21T13:45,15.2,96,16.0,2.4,2.4,65,5.4,291,14.8,1011.1
2026-08-21T11:45,15.6,95,16.1,0.3,0.3,,7.6,264,17.3,
2026-08-21T14:30,18.0,74,17.1,0.0,0.0,3,13.7,12,34.2,1011.5
2026-08-21T15:30,17.9,74,16.9,0.0,0.0,3,13.3,11,29.2,1011.4
2026-08-21T16:15,17.9,75,17.0,0.0,0.0,3,13.7,5,25.9,1011.3
2026-08-21T12:15,17.9,79,18.0,0.0,0.0,,8.6,3,18.7,
2026-08-21T12:30,17.1,84,17.3,0.0,0.0,,7.9,351,16.2,
2026-08-21T13:00,15.6,93,16.1,0.0,0.0,,6.1,327,11.9,
2026-08-21T13:30,15.5,94,16.2,0.4,0.4,,5.0,28,11.5,
2026-08-21T14:00,16.0,92,16.9,0.4,0.4,,4.3,88,11.9,
2026-08-21T14:15,16.4,89,17.4,0.0,0.0,,3.6,76,11.2,
2026-08-21T17:00,16.8,83,16.6,0.0,0.0,3,10.4,4,18.0,1011.4
2026-08-21T14:45,15.5,93,16.5,0.5,0.5,,2.9,202,8.6,
2026-08-21T15:00,15.6,92,16.6,0.5,0.5,,2.9,178,9.0,
2026-08-21T17:45,18.0,71,16.7,0.0,0.0,3,14.4,357,29.5,1011.4
2026-08-21T15:15,18.1,72,17.3,0.0,0.0,,11.9,10,23.4,
2026-08-21T15:45,17.9,73,16.9,0.0,0.0,,13.3,5,25.2,
2026-08-21T16:00,17.9,73,16.8,0.0,0.0,,14.0,2,25.9,
2026-08-21T16:30,18.0,72,16.7,0.0,0.0,,15.1,356,27.7,
2026-08-21T19:00,17.7,75,17.2,0.0,0.0,3,10.4,10,21.2,1012.0
2026-08-21T16:45,16.9,83,16.9,0.1,0.1,,9.4,8,21.2,
2026-08-21T19:30,17.5,77,17.2,0.0,0.0,3,10.1,1,18.0,1012.3
2026-08-21T17:15,16.9,83,16.7,0.0,0.0,,10.1,358,18.4,
2026-08-21T17:30,16.9,83,16.7,0.0,0.0,,9.7,358,18.7,
2026-08-21T20:00,17.2,76,16.6,0.0,0.0,3,10.4,351,19.4,1012.6
2026-08-21T20:45,16.5,75,16.0,0.0,0.0,2,7.6,11,16.9,1013.6
2026-08-21T18:00,17.7,72,17.0,0.0,0.0,,10.8,11,23.0,
2026-08-21T18:15,17.7,72,17.0,0.0,0.0,,10.1,11,23.4,
2026-08-21T18:30,17.5,73,17.0,0.0,0.0,,9.4,10,23.8,
2026-08-21T18:45,17.3,74,16.9,0.0,0.0,,8.3,10,23.4,
2026-08-21T21:30,15.7,78,15.4,0.0,0.0,2,5.8,351,13.7,1014.1
2026-08-21T21:45,14.9,83,15.3,0.0,0.0,0,2.2,293,7.2,1014.3
2026-08-21T19:15,17.6,76,17.4,0.0,0.0,,8.6,27,17.6,
2026-08-21T19:45,17.4,77,17.4,0.0,0.0,,7.6,19,18.4,
2026-08-21T22:15,14.2,86,14.3,0.0,0.0,1,3.2,263,6.1,1014.5
2026-08-21T20:15,17.0,78,17.1,0.0,0.0,,6.1,14,16.9,
2026-08-21T22:45,13.7,87,13.2,0.0,0.0,0,6.8,260,8.3,1014.5
2026-08-21T20:30,16.7,78,16.5,0.0,0.0,,7.6,337,19.8,
2026-08-21T23:15,13.2,89,12.5,0.0,0.0,0,7.6,257,9.0,1014.6
2026-08-21T21:00,16.1,81,16.1,0.0,0.0,,6.1,328,22.0,
2026-08-21T21:15,15.8,82,15.8,0.0,0.0,,5.8,315,19.8,
2026-08-21T23:45,13.0,90,12.8,0.0,0.0,0,4.3,222,5.0,1014.8
2026-08-22T00:15,12.9,90,12.1,0.0,0.0,1,8.3,235,12.6,1015.0
2026-08-21T22:00,15.3,79,15.3,0.0,0.0,,3.6,273,9.7,
2026-08-22T00:45,13.0,96,12.3,0.0,0.0,3,9.7,246,15.5,1015.0
2026-08-22T01:15,12.9,96,11.9,0.1,0.1,51,12.2,258,23.8,1015.2
2026-08-22T01:45,13.6,84,12.4,0.0,0.0,3,9.7,251,24.1,1015.3
2026-08-21T22:30,14.1,86,13.9,0.0,0.0,,4.7,268,5.4,
2026-08-21T23:00,13.6,88,13.0,0.0,0.0,,7.6,269,9.0,
2026-08-21T23:30,13.2,89,12.5,0.0,0.0,,7.6,266,8.6,
2026-08-22T03:00,12.5,93,11.7,0.0,0.0,3,8.6,227,18.0,1015.7
2026-08-22T00:00,12.6,90,12.1,0.0,0.0,,5.8,221,6.5,
2026-08-22T00:30,12.8,91,11.3,0.1,0.1,,13.0,245,20.2,
2026-08-22T01:00,13.1,91,10.7,0.1,0.1,,19.4,268,34.2,
2026-08-22T04:15,12.9,96,12.3,0.0,0.0,2,8.6,245,22.0,1015.9
2026-08-22T01:30,13.0,92,11.6,0.5,0.5,,13.7,256,20.9,
2026-08-22T02:00,13.2,86,11.8,0.5,0.5,,11.5,252,17.3,
2026-08-22T02:15,13.1,86,11.7,0.0,0.0,,11.2,255,17.6,
2026-08-22T02:30,12.8,88,11.5,0.0,0.0,,10.8,259,19.1,
2026-08-22T02:45,12.5,89,11.2,0.0,0.0,,10.4,262,20.5,
2026-08-22T03:15,12.0,92,10.8,0.0,0.0,,9.4,255,20.5,
2026-08-22T06:00,13.4,94,12.9,0.8,0.8,63,9.0,338,26.6,1016.5
2026-08-22T06:45,14.2,90,13.5,0.1,0.1,51,10.8,305,19.1,1016.9
2026-08-22T03:30,12.7,95,12.1,0.6,0.6,,7.9,224,14.0,
2026-08-22T03:45,12.8,96,12.3,0.6,0.6,,8.3,233,14.0,
2026-08-22T04:00,12.9,96,12.4,0.6,0.6,,8.6,242,14.4,
2026-08-22T04:30,12.8,96,12.1,0.0,0.0,,9.4,241,14.8,
2026-08-22T04:45,12.6,96,11.9,0.0,0.0,,9.4,240,15.1,
2026-08-22T07:15,14.5,89,13.7,0.5,0.5,61,10.8,355,23.8,1017.3
2026-08-22T07:45,13.1,95,12.1,2.1,2.1,65,11.9,305,38.9,1017.7
2026-08-22T05:00,12.3,96,11.3,0.0,0.0,,10.8,233,15.8,
2026-08-22T05:15,12.3,96,11.3,0.0,0.0,,10.4,234,15.1,
2026-08-22T05:30,12.4,96,11.5,0.0,0.0,,9.7,235,14.0,
2026-08-22T05:45,12.5,96,11.7,0.0,0.0,,9.4,236,13.7,
2026-08-22T08:30,13.1,95,13.0,0.2,0.2,53,5.4,247,22.7,1018.6
2026-08-22T09:15,14.0,97,14.1,0.1,0.1,51,7.6,216,20.5,1018.9
2026-08-22T09:45,15.7,91,16.6,0.0,0.0,3,3.6,139,14.0,1019.1
2026-08-22T10:15,15.8,91,16.5,0.4,0.4,61,5.4,178,16.6,1019.4
2026-08-22T10:45,16.0,89,16.7,0.0,0.0,0,4.7,186,16.9,1019.8
2026-08-22T11:15,16.5,87,17.3,0.1,0.1,51,4.7,237,19.8,1020.1
2026-08-22T11:45,17.2,77,16.1,0.0,0.0,3,14.8,338,27.0,1020.2
2026-08-22T12:15,17.2,77,16.0,0.0,0.0,3,15.5,343,31.3,1020.4
2026-08-22T06:15,13.5,92,12.8,0.3,0.3,,9.7,326,15.8,
2026-08-22T06:30,14.0,90,13.1,0.3,0.3,,11.2,322,18.0,
2026-08-22T07:00,14.5,88,13.3,0.3,0.3,,13.7,312,20.5,
2026-08-22T07:30,13.7,92,12.6,0.3,0.3,,12.2,300,18.4,
2026-08-22T08:00,12.9,96,12.2,0.3,0.3,,9.7,287,15.1,
2026-08-22T08:15,12.9,97,12.4,0.2,0.2,,8.6,270,13.7,
2026-08-22T08:45,13.5,96,13.4,0.2,0.2,,6.5,235,11.2,
2026-08-22T09:00,13.8,96,14.0,0.2,0.2,,6.1,218,10.8,
2026-08-22T09:30,14.5,95,14.5,0.1,0.1,,7.9,210,14.4,
2026-08-22T10:00,15.2,92,15.0,0.1,0.1,,10.1,201,18.4,
2026-08-22T12:45,17.1,75,16.2,0.0,0.0,3,11.5,13,26.6,1020.7
2026-08-22T13:15,17.4,70,15.8,0.0,0.0,3,14.4,3,27.4,1020.9
2026-08-22T10:30,15.7,91,15.7,0.1,0.1,,9.0,194,16.2,
2026-08-22T11:00,15.1,92,14.5,0.1,0.1,,13.0,274,23.4,
2026-08-22T13:30,17.9,75,17.7,0.0,0.0,3,9.0,2,23.0,1021.0
2026-08-22T11:30,16.4,86,16.5,0.2,0.2,,7.9,105,20.5,
2026-08-22T14:00,18.2,69,16.9,0.0,0.0,3,13.7,0,27.7,1021.1
2026-08-22T12:00,16.3,84,16.0,0.2,0.2,,10.4,17,28.1,
2026-08-22T14:45,17.3,69,15.9,0.0,0.0,3,13.0,4,29.5,1021.5
2026-08-22T12:30,17.3,75,15.7,0.0,0.0,,16.9,342,34.6,
2026-08-22T13:00,17.4,73,16.1,0.0,0.0,,14.4,354,34.6,
2026-08-22T15:30,18.1,67,16.7,0.0,0.0,3,14.0,6,27.7,1021.6
2026-08-22T15:45,18.1,68,16.7,0.0,0.0,3,14.0,10,28.1,1021.7
2026-08-22T13:45,17.1,70,15.6,0.0,0.0,,13.7,359,26.3,
2026-08-22T16:15,18.1,68,16.6,0.0,0.0,3,14.4,13,28.4,1021.7
2026-08-22T14:15,17.3,69,15.8,0.0,0.0,,13.7,359,26.6,
2026-08-22T16:45,18.4,66,16.9,0.0,0.0,1,14.0,5,31.0,1021.7
2026-08-22T17:15,18.3,66,16.9,0.0,0.0,1,13.3,7,29.9,1021.9
2026-08-22T14:30,18.3,67,16.9,0.0,0.0,,14.0,356,28.4,
2026-08-22T15:00,18.3,65,16.6,0.0,0.0,,15.1,357,29.9,
2026-08-22T15:15,18.3,65,16.6,0.0,0.0,,15.5,358,30.2,
2026-08-22T17:45,18.2,65,16.7,0.0,0.0,1,13.7,9,28.4,1022.2
2026-08-22T18:30,18.0,65,16.6,0.0,0.0,0,12.6,9,27.4,1022.4
2026-08-22T16:00,18.5,65,16.9,0.0,0.0,,14.8,6,29.5,
2026-08-22T16:30,18.6,65,17.1,0.0,0.0,,14.4,7,29.9,
2026-08-22T18:45,17.7,66,16.3,0.0,0.0,0,12.6,15,27.0,1022.5
2026-08-22T17:00,18.1,67,16.6,0.0,0.0,,14.0,9,31.0,
2026-08-22T19:15,17.4,68,16.2,0.0,0.0,0,11.5,16,25.9,1022.5
2026-08-22T17:30,18.0,66,16.5,0.0,0.0,,13.7,11,29.5,
2026-08-22T19:45,17.1,73,16.3,0.0,0.0,0,10.1,16,25.9,1022.6
2026-08-22T20:15,16.6,75,16.1,0.0,0.0,1,8.3,17,23.0,1022.8
2026-08-22T20:45,15.8,77,15.2,0.0,0.0,0,7.9,28,19.4,1023.4
2026-08-22T18:00,18.3,65,16.6,0.0,0.0,,14.8,12,27.4,
2026-08-22T18:15,18.2,65,16.5,0.0,0.0,,14.4,12,27.4,
2026-08-22T19:00,17.8,66,16.4,0.0,0.0,,12.6,10,28.1,
2026-08-22T21:15,15.0,79,14.4,0.0,0.0,0,6.8,32,16.2,1023.7
2026-08-22T21:45,14.2,82,13.7,0.0,0.0,2,5.4,26,11.5,1023.9
2026-08-22T19:30,17.4,71,16.4,0.0,0.0,,10.8,22,23.8,
2026-08-22T22:15,13.6,84,13.2,0.0,0.0,3,5.0,29,9.4,1023.9
2026-08-22T22:45,13.7,83,13.1,0.0,0.0,0,5.8,37,8.6,1023.9
2026-08-22T23:15,13.1,85,12.6,0.0,0.0,0,4.7,61,7.9,1023.9
2026-08-22T20:00,17.0,74,16.3,0.0,0.0,,9.7,24,16.6,
2026-08-22T20:30,16.5,76,16.0,0.0,0.0,,8.3,21,16.6,
2026-08-22T21:00,15.8,77,15.4,0.0,0.0,,6.8,18,16.6,
2026-08-22T23:45,12.1,87,11.7,0.0,0.0,0,3.2,108,4.7,1023.9
2026-08-22T21:30,14.8,80,14.3,0.0,0.0,,6.1,37,10.4,
2026-08-23T00:00,11.9,87,11.5,0.0,0.0,0,2.9,130,4.0,1023.9
2026-08-23T00:30,11.6,88,11.3,0.0,0.0,2,1.4,189,3.6,1023.9
2026-08-23T00:45,11.5,89,11.3,0.0,0.0,3,1.1,221,3.2,1024.0
2026-08-23T01:15,11.2,89,10.9,0.0,0.0,3,1.1,226,2.9,1024.0
2026-08-23T01:45,11.0,89,10.5,0.0,0.0,3,2.2,213,2.5,1024.1
2026-08-23T03:00,10.2,89,9.1,0.0,0.0,1,4.7,211,5.0,1024.2
2026-08-23T04:30,9.7,91,8.8,0.0,0.0,1,3.6,225,4.3,1023.9
2026-08-22T22:00,14.0,83,13.7,0.0,0.0,,4.0,41,5.8,
2026-08-22T22:30,13.6,84,13.3,0.0,0.0,,4.3,33,6.1,
2026-08-22T23:00,13.3,84,12.9,0.0,0.0,,4.7,24,6.5,
2026-08-22T23:30,12.6,85,12.0,0.0,0.0,,4.3,77,5.4,
2026-08-23T00:15,11.6,88,11.1,0.0,0.0,,2.5,155,2.9,
2026-08-23T01:00,11.1,90,10.8,0.0,0.0,,0.7,231,1.1,
2026-08-23T01:30,10.9,90,10.4,0.0,0.0,,1.8,221,2.2,
2026-08-23T02:00,10.7,89,10.0,0.0,0.0,,3.2,210,3.6,
2026-08-23T02:15,10.7,89,9.9,0.0,0.0,,3.2,210,3.6,
2026-08-23T02:30,10.7,89,10.0,0.0,0.0,,2.9,210,3.6,
2026-08-23T05:30,9.2,92,8.1,0.0,0.0,2,4.0,238,4.7,1024.0
2026-08-23T06:15,10.4,89,9.6,0.0,0.0,2,3.6,279,6.5,1024.1
2026-08-23T02:45,10.2,89,8.9,0.0,0.0,,5.8,209,6.1,
2026-08-23T03:15,9.8,89,8.4,0.0,0.0,,5.8,232,7.2,
2026-08-23T03:30,9.6,90,8.4,0.0,0.0,,4.7,255,7.2,
2026-08-23T03:45,9.4,91,8.3,0.0,0.0,,4.0,279,7.2,
2026-08-23T04:00,9.4,91,8.4,0.0,0.0,,3.2,302,6.8,
2026-08-23T04:15,9.5,91,8.6,0.0,0.0,,3.2,283,6.5,
2026-08-23T07:00,9.2,93,8.0,0.0,0.0,3,5.0,200,5.8,1024.2
2026-08-23T04:45,9.3,93,8.0,0.0,0.0,,5.4,239,5.8,
2026-08-23T05:00,9.2,93,7.9,0.0,0.0,,5.8,243,6.5,
2026-08-23T07:30,9.1,92,7.8,0.0,0.0,2,4.7,201,5.4,1024.2
2026-08-23T08:00,9.8,91,8.6,0.0,0.0,3,5.0,200,6.1,1024.3
2026-08-23T09:00,12.8,83,12.3,0.0,0.0,3,3.6,261,7.9,1024.9
2026-08-23T05:15,9.3,92,8.2,0.0,0.0,,4.3,251,4.7,
2026-08-23T05:45,10.0,90,9.1,0.0,0.0,,2.9,284,3.6,
2026-08-23T06:00,10.1,89,9.3,0.0,0.0,,2.9,300,3.6,
2026-08-23T06:30,9.9,90,8.9,0.0,0.0,,4.3,264,5.8,
2026-08-23T06:45,9.7,91,8.5,0.0,0.0,,5.4,245,7.2,
2026-08-23T09:45,14.4,80,14.0,0.0,0.0,3,4.3,254,9.0,1025.0
2026-08-23T10:15,15.5,76,15.2,0.0,0.0,2,4.3,251,9.7,1025.2
2026-08-23T10:45,16.6,69,16.3,0.0,0.0,2,3.6,211,10.4,1025.3
2026-08-23T11:30,17.8,66,17.9,0.0,0.0,1,4.0,288,13.0,1025.3
2026-08-23T07:15,9.1,93,7.9,0.0,0.0,,5.0,191,5.8,
2026-08-23T07:45,9.3,93,8.1,0.0,0.0,,5.0,197,5.8,
2026-08-23T08:15,10.1,91,9.0,0.0,0.0,,5.0,223,6.8,
2026-08-23T08:30,10.7,89,9.8,0.0,0.0,,4.7,246,7.9,
2026-08-23T08:45,11.4,87,10.6,0.0,0.0,,4.7,268,8.6,
2026-08-23T09:15,13.0,83,12.4,0.0,0.0,,4.3,279,9.7,
2026-08-23T09:30,13.8,80,13.4,0.0,0.0,,4.0,268,9.4,
2026-08-23T11:45,18.2,63,18.1,0.0,0.0,3,2.5,320,11.9,1025.2
2026-08-23T12:30,18.9,62,18.9,0.0,0.0,2,5.8,355,16.2,1025.2
2026-08-23T12:45,19.2,62,19.4,0.0,0.0,0,8.6,351,20.9,1025.1
2026-08-23T13:15,19.5,62,19.7,0.0,0.0,0,10.4,4,23.4,1025.1
2026-08-23T13:45,19.4,61,19.3,0.0,0.0,1,11.5,3,24.5,1024.9
2026-08-23T10:00,15.2,78,14.8,0.0,0.0,,5.8,270,10.8,
2026-08-23T10:30,16.2,73,16.0,0.0,0.0,,4.3,226,10.4,
2026-08-23T11:00,17.0,68,16.9,0.0,0.0,,2.9,182,10.4,
2026-08-23T11:15,17.5,67,17.5,0.0,0.0,,2.9,142,11.2,
2026-08-23T14:30,19.6,61,19.5,0.0,0.0,1,11.2,13,25.2,1025.0
2026-08-23T12:00,18.6,64,19.1,0.0,0.0,,3.2,23,14.8,
2026-08-23T12:15,18.8,63,19.3,0.0,0.0,,4.3,17,16.6,
2026-08-23T15:15,19.2,63,18.6,0.0,0.0,2,12.2,24,25.6,1024.9
2026-08-23T13:00,19.1,61,19.0,0.0,0.0,,9.4,5,21.6,
2026-08-23T15:45,19.4,61,18.7,0.0,0.0,0,13.0,21,26.6,1024.8
2026-08-23T13:30,19.4,62,19.6,0.0,0.0,,10.1,359,22.7,
2026-08-23T14:00,19.4,61,19.5,0.0,0.0,,10.1,4,22.7,
2026-08-23T14:15,19.4,61,19.4,0.0,0.0,,10.4,8,23.0,
2026-08-23T16:45,19.5,61,18.2,0.0,0.0,0,14.0,14,29.2,1024.5
2026-08-23T14:45,19.7,61,19.7,0.0,0.0,,10.8,9,25.9,
2026-08-23T17:15,19.4,61,17.9,0.0,0.0,0,13.7,17,28.8,1024.4
2026-08-23T17:45,19.1,62,17.8,0.0,0.0,0,11.9,28,24.8,1024.3
2026-08-23T15:00,19.2,64,18.5,0.0,0.0,,12.6,23,25.9,
2026-08-23T15:30,19.0,65,17.9,0.0,0.0,,12.2,23,25.9,
2026-08-23T18:15,18.9,60,17.5,0.0,0.0,0,11.9,31,24.5,1024.2
2026-08-23T18:45,18.6,60,17.1,0.0,0.0,1,11.5,36,23.8,1024.0
2026-08-23T16:00,19.3,61,17.8,0.0,0.0,,13.7,20,27.7,
2026-08-23T16:15,19.3,61,18.0,0.0,0.0,,13.3,21,28.1,
2026-08-23T16:30,19.3,61,18.2,0.0,0.0,,13.0,22,28.1,
2026-08-23T19:15,18.2,61,16.7,0.0,0.0,2,11.2,42,23.0,1023.8
2026-08-23T17:00,19.2,61,18.0,0.0,0.0,,12.2,24,28.1,
2026-08-23T19:30,17.8,64,16.5,0.0,0.0,2,11.2,45,24.1,1023.8
2026-08-23T19:45,17.5,66,16.4,0.0,0.0,3,10.1,50,23.8,1023.8
2026-08-23T20:30,16.7,69,15.7,0.0,0.0,2,9.0,49,20.9,1023.7
2026-08-23T17:30,19.2,61,17.6,0.0,0.0,,14.0,24,26.3,
2026-08-23T18:00,19.0,61,17.5,0.0,0.0,,13.3,31,25.2,
2026-08-23T18:30,18.8,60,17.1,0.0,0.0,,13.0,34,25.9,
2026-08-23T21:00,15.9,71,14.9,0.0,0.0,2,7.9,54,18.7,1023.8
2026-08-23T19:00,18.4,60,16.8,0.0,0.0,,12.2,36,26.6,
2026-08-23T21:30,15.1,73,14.0,0.0,0.0,2,8.3,55,15.8,1023.9
2026-08-23T21:45,14.5,77,13.4,0.0,0.0,3,9.0,57,14.0,1023.9
2026-08-23T22:15,13.9,79,12.8,0.0,0.0,3,8.6,60,13.7,1023.9
2026-08-23T22:45,13.4,75,11.9,0.0,0.0,3,8.6,57,14.0,1023.8
2026-08-23T23:15,13.0,76,11.3,0.0,0.0,3,9.4,58,15.1,1023.7
2026-08-23T23:45,12.6,80,10.9,0.0,0.0,3,10.1,58,15.5,1023.6
2026-08-23T20:00,17.4,67,16.5,0.0,0.0,,9.0,57,15.8,
2026-08-23T20:15,17.1,68,16.2,0.0,0.0,,8.6,57,14.8,
2026-08-23T20:45,16.2,70,15.3,0.0,0.0,,7.9,58,12.6,
2026-08-23T21:15,15.4,72,14.4,0.0,0.0,,7.9,58,12.2,
2026-08-24T00:15,12.4,81,10.5,0.0,0.0,3,11.2,59,17.3,1023.5
2026-08-23T22:00,14.3,76,13.2,0.0,0.0,,7.9,57,13.3,
2026-08-24T00:45,12.3,83,10.7,0.0,0.0,3,10.1,69,15.8,1023.6
2026-08-23T22:30,13.8,80,13.0,0.0,0.0,,6.5,68,12.2,
2026-08-24T01:15,12.1,85,10.6,0.0,0.0,3,10.1,69,16.2,1023.6
2026-08-23T23:00,13.4,82,12.5,0.0,0.0,,6.8,75,13.7,
2026-08-24T01:30,12.0,85,10.3,0.0,0.0,3,10.4,75,18.0,1023.6
2026-08-23T23:30,12.8,77,11.4,0.0,0.0,,7.9,61,12.2,
2026-08-24T01:45,11.9,86,10.4,0.0,0.0,3,10.1,76,18.0,1023.6
2026-08-24T00:00,12.5,79,10.8,0.0,0.0,,9.4,66,14.0,
2026-08-24T03:45,11.0,90,9.5,0.0,0.0,0,9.4,78,16.9,1022.6
2026-08-24T05:00,11.0,92,9.4,0.0,0.0,1,10.8,80,18.0,1022.1
2026-08-24T00:30,12.3,82,10.7,0.0,0.0,,9.7,80,15.8,
2026-08-24T01:00,12.2,83,10.7,0.0,0.0,,9.4,86,15.5,
2026-08-24T02:00,12.0,86,10.4,0.0,0.0,,10.8,94,16.9,
2026-08-24T02:15,12.0,87,10.4,0.0,0.0,,10.8,89,17.3,
2026-08-24T02:30,11.9,88,10.4,0.0,0.0,,10.8,84,17.6,
2026-08-24T02:45,11.9,88,10.3,0.0,0.0,,10.8,79,18.0,
2026-08-24T03:00,11.8,89,10.2,0.0,0.0,,10.8,74,18.4,
2026-08-24T06:00,10.0,93,8.5,0.0,0.0,0,8.3,79,14.8,1022.0
2026-08-24T07:00,9.5,94,7.8,0.0,0.0,2,9.0,80,14.0,1021.7
2026-08-24T03:15,11.4,89,9.9,0.0,0.0,,10.1,79,16.6,
2026-08-24T03:30,11.3,90,9.8,0.0,0.0,,9.7,79,15.8,
2026-08-24T04:00,11.0,90,9.5,0.0,0.0,,9.4,78,14.8,
2026-08-24T04:15,10.9,90,9.4,0.0,0.0,,9.4,78,14.8,
2026-08-24T04:30,10.8,91,9.3,0.0,0.0,,9.4,78,15.5,
2026-08-24T04:45,10.7,92,9.1,0.0,0.0,,9.7,77,15.8,
2026-08-24T07:45,10.2,92,8.3,0.0,0.0,1,11.5,69,20.2,1021.5
2026-08-24T05:15,11.0,91,9.4,0.0,0.0,,10.8,79,18.7,
2026-08-24T05:30,10.9,91,9.3,0.0,0.0,,10.4,79,18.7,
2026-08-24T05:45,10.8,92,9.2,0.0,0.0,,9.7,79,18.7,
2026-08-24T08:45,12.0,85,9.9,0.0,0.0,0,13.7,80,25.2,1021.3
2026-08-24T09:45,14.7,77,12.9,0.0,0.0,0,13.7,83,26.3,1021.0
2026-08-24T06:15,10.2,93,8.6,0.0,0.0,,9.4,77,13.7,
2026-08-24T06:30,9.9,93,8.3,0.0,0.0,,9.0,78,13.3,
2026-08-24T06:45,9.8,93,8.2,0.0,0.0,,8.6,78,13.3,
2026-08-24T07:15,9.7,93,8.1,0.0,0.0,,8.6,78,14.0,
2026-08-24T07:30,9.8,94,8.2,0.0,0.0,,9.0,77,14.8,
2026-08-24T08:00,10.3,93,8.7,0.0,0.0,,9.7,76,16.6,
2026-08-24T10:45,16.5,73,14.8,0.0,0.0,2,14.8,82,28.4,1020.6
2026-08-24T08:15,11.1,90,9.4,0.0,0.0,,10.8,73,20.5,
2026-08-24T08:30,11.7,88,10.0,0.0,0.0,,11.2,76,21.6,
2026-08-24T11:30,18.1,63,16.5,0.0,0.0,1,16.2,72,31.7,1020.2
2026-08-24T12:15,19.3,55,17.6,0.0,0.0,1,17.3,73,34.2,1019.7
2026-08-24T13:00,20.0,47,18.3,0.0,0.0,2,15.8,77,33.5,1019.2
2026-08-24T09:00,12.7,84,10.9,0.0,0.0,,12.6,71,25.2,
2026-08-24T09:15,13.4,82,11.6,0.0,0.0,,13.0,74,25.9,
2026-08-24T09:30,14.1,80,12.4,0.0,0.0,,13.0,76,25.9,
2026-08-24T10:00,15.4,75,13.8,0.0,0.0,,13.0,81,26.3,
2026-08-24T10:15,15.9,73,14.3,0.0,0.0,,13.3,81,27.0,
2026-08-24T10:30,16.3,71,14.6,0.0,0.0,,14.0,82,28.1,
2026-08-24T11:00,17.1,68,15.4,0.0,0.0,,15.1,82,29.9,
2026-08-24T11:15,17.4,69,16.0,0.0,0.0,,15.1,80,30.2,
2026-08-24T11:45,18.3,63,16.8,0.0,0.0,,16.2,79,32.0,
2026-08-24T14:00,20.8,45,18.6,0.0,0.0,1,17.6,75,35.3,1018.6
2026-08-24T15:00,21.9,39,19.6,0.0,0.0,3,18.4,76,37.1,1018.0
2026-08-24T12:00,18.9,58,17.1,0.0,0.0,,17.3,73,34.2,
2026-08-24T12:30,19.6,53,17.9,0.0,0.0,,17.6,77,35.3,
2026-08-24T12:45,19.9,50,18.1,0.0,0.0,,17.6,78,35.6,
2026-08-24T16:00,21.6,40,18.2,0.0,0.0,3,18.7,77,37.8,1017.0
2026-08-24T16:45,22.4,39,19.1,0.0,0.0,1,19.8,69,38.9,1016.4
2026-08-24T17:45,21.3,42,18.6,0.0,0.0,3,14.4,75,31.7,1015.8
2026-08-24T13:15,20.0,46,18.2,0.0,0.0,,16.2,83,33.1,
2026-08-24T13:30,20.2,46,18.4,0.0,0.0,,16.6,83,33.8,
2026-08-24T13:45,20.3,46,18.5,0.0,0.0,,16.9,84,34.6,
2026-08-24T14:15,20.9,45,19.1,0.0,0.0,,17.6,82,36.0,
2026-08-24T14:30,21.3,43,19.4,0.0,0.0,,17.6,81,36.4,
2026-08-24T14:45,21.7,41,19.6,0.0,0.0,,18.0,79,36.7,
2026-08-24T15:15,22.2,39,19.8,0.0,0.0,,18.0,77,37.1,
2026-08-24T15:30,22.3,39,19.7,0.0,0.0,,18.0,77,37.4,
2026-08-24T15:45,22.3,39,19.3,0.0,0.0,,18.0,76,37.1,
2026-08-24T18:30,21.3,42,18.7,0.0,0.0,3,14.4,76,29.2,1015.2
2026-08-24T19:15,21.4,43,18.3,0.0,0.0,3,18.0,70,34.6,1014.8
2026-08-24T19:45,21.0,45,18.1,0.0,0.0,3,16.9,65,34.9,1014.7
2026-08-24T16:15,21.7,40,18.4,0.0,0.0,,17.6,71,35.6,
2026-08-24T16:30,21.9,39,18.5,0.0,0.0,,18.7,69,37.1,
2026-08-24T17:00,22.3,39,18.7,0.0,0.0,,20.5,63,40.0,
2026-08-24T17:15,22.3,39,18.7,0.0,0.0,,20.5,65,40.3,
2026-08-24T17:30,22.3,39,18.7,0.0,0.0,,20.2,68,40.7,
2026-08-24T18:00,22.1,40,18.7,0.0,0.0,,19.1,72,40.0,
2026-08-24T20:30,20.0,48,17.5,0.0,0.0,2,14.4,59,26.6,1014.3
2026-08-24T21:15,19.1,49,16.4,0.0,0.0,1,14.8,57,26.3,1014.4
2026-08-24T18:15,21.2,42,18.8,0.0,0.0,,13.0,71,24.8,
2026-08-24T18:45,21.3,43,18.8,0.0,0.0,,14.4,72,28.1,
2026-08-24T19:00,21.3,43,18.7,0.0,0.0,,14.8,73,29.2,
2026-08-24T21:45,17.9,56,15.1,0.0,0.0,0,17.6,53,32.4,1014.4
2026-08-24T22:15,17.4,56,14.3,0.0,0.0,0,19.1,59,34.9,1014.2
2026-08-24T19:30,21.1,44,18.1,0.0,0.0,,17.3,70,35.3,
2026-08-24T20:00,20.6,46,18.0,0.0,0.0,,15.1,71,34.6,
2026-08-24T20:15,20.2,48,17.8,0.0,0.0,,14.0,65,32.8,
2026-08-24T22:45,17.2,57,14.6,0.0,0.0,1,15.8,63,28.1,1014.1
2026-08-24T23:30,16.0,59,13.2,0.0,0.0,0,15.8,64,25.9,1013.9
2026-08-25T00:00,15.6,60,12.9,0.0,0.0,0,15.1,63,28.1,1013.8
2026-08-24T20:45,19.7,49,17.3,0.0,0.0,,14.0,57,25.2,
2026-08-24T21:00,19.3,49,16.8,0.0,0.0,,13.7,55,24.8,
2026-08-24T21:30,18.5,50,16.0,0.0,0.0,,13.0,55,24.8,
2026-08-24T22:00,17.7,52,15.3,0.0,0.0,,12.6,55,24.8,
2026-08-25T00:30,15.4,63,12.8,0.0,0.0,0,15.5,63,27.4,1013.8
2026-08-25T01:00,15.1,67,12.5,0.0,0.0,0,16.2,70,29.2,1013.8
2026-08-24T22:30,17.2,57,14.3,0.0,0.0,,16.9,63,34.2,
2026-08-24T23:00,16.7,57,14.0,0.0,0.0,,15.1,69,33.1,
2026-08-25T01:30,14.9,68,12.3,0.0,0.0,0,15.8,72,29.2,1013.8
2026-08-25T01:45,14.4,68,11.8,0.0,0.0,0,14.8,70,27.4,1013.7
2026-08-24T23:15,16.7,58,13.9,0.0,0.0,,16.6,64,29.5,
2026-08-24T23:45,16.1,61,13.4,0.0,0.0,,15.8,63,29.9,
2026-08-25T03:15,13.7,73,11.3,0.0,0.0,0,14.4,71,24.8,1013.1
2026-08-25T00:15,15.3,62,12.9,0.0,0.0,,13.0,62,24.5,
2026-08-25T00:45,14.9,67,12.7,0.0,0.0,,13.3,71,24.8,
2026-08-25T01:15,14.6,70,12.5,0.0,0.0,,13.3,74,24.8,
2026-08-25T04:30,12.8,71,10.4,0.0,0.0,2,11.9,76,20.5,1012.3
2026-08-25T02:00,14.4,68,12.0,0.0,0.0,,14.0,77,24.8,
2026-08-25T02:15,14.3,68,11.9,0.0,0.0,,13.7,77,24.8,
2026-08-25T02:30,14.1,68,11.8,0.0,0.0,,13.0,76,24.8,
2026-08-25T05:30,12.2,74,9.9,0.0,0.0,3,11.2,79,21.2,1011.9
2026-08-25T02:45,13.9,68,11.6,0.0,0.0,,12.2,76,25.2,
2026-08-25T03:00,13.8,68,11.5,0.0,0.0,,11.9,75,24.8,
2026-08-25T03:30,13.4,69,11.1,0.0,0.0,,11.9,74,22.3,
2026-08-25T06:15,12.1,79,10.0,0.0,0.0,2,11.9,83,22.0,1011.9
2026-08-25T03:45,13.5,75,11.2,0.0,0.0,,14.0,74,25.2,
2026-08-25T04:00,13.4,75,11.1,0.0,0.0,,14.0,75,25.2,
2026-08-25T04:15,13.3,75,11.0,0.0,0.0,,13.7,78,25.2,
2026-08-25T07:00,12.2,74,9.8,0.0,0.0,3,12.6,78,21.6,1011.8
2026-08-25T04:45,13.2,69,10.8,0.0,0.0,,12.6,72,24.5,
2026-08-25T05:00,13.1,70,10.7,0.0,0.0,,12.2,71,24.5,
